document_id,url,title,published_date,modified_date,year,month,modification_lag_days,dateline_city,dateline_region,dateline_country,topics,topic_count,has_subtitle,has_images,has_dateline,word_count,paragraph_count,table_count,parse_status,quality_flags
15583ecbe845cc51f604,https://www.ice.gov/news/releases/10-suspects-charged-july-4-attack-texas-ice-detention-facility,10 suspects charged in July 4 attack on Texas ICE detention facility,2025-07-08,2025-07-09,2025,2025-07,1,Washington,DC,United States,['Law Enforcement'],1,False,False,True,348,9,0,accepted,[]
50743e36aea519ce5993,https://www.ice.gov/news/releases/100-days-record-breaking-immigration-enforcement-us-interior,100 days of record-breaking immigration enforcement in the US interior,2025-04-29,2025-06-13,2025,2025-04,45,Washington,DC,United States,['Enforcement and Removal'],1,True,False,True,471,9,0,accepted,[]
44d16484ecdaaf94d129,https://www.ice.gov/news/releases/11-charged-florida-marriage-fraud-scheme-targeting-us-service-members,11 charged in Florida for marriage fraud scheme targeting US service members,2026-02-11,2026-02-13,2026,2026-02,2,Jacksonville,FL,United States,['Document and Benefit Fraud'],1,False,False,True,725,15,0,accepted,[]
ed44c5e9b13961f754ce,https://www.ice.gov/news/releases/12-arrested-south-texas-worksite-enforcement-operation-ice-rio-grande-valley-federal,"12 arrested in a South Texas worksite enforcement operation by ICE Rio Grande Valley, federal partners",2025-06-10,2025-06-10,2025,2025-06,0,Harlingen,TX,United States,['Worksite Enforcement'],1,False,True,True,225,7,0,accepted,[]
f82b10230971ea783468,https://www.ice.gov/news/releases/12-men-sentenced-conspiring-distribute-fentanyl-methamphetamine-marijuana-tennessee,"12 men sentenced for conspiring to distribute fentanyl, methamphetamine, marijuana in Tennessee, California",2025-03-05,2025-03-05,2025,2025-03,0,Nashville,TN,United States,"['Narcotics', 'Organized Crime', 'Firearms, Ammunition and Explosives']",3,False,False,True,570,20,0,accepted,[]
780cb435f61c8500779f,https://www.ice.gov/news/releases/15-suspected-gang-members-indicted-drug-trafficking-scheme,15 suspected gang members indicted for drug trafficking scheme,2025-05-27,2025-06-13,2025,2025-05,17,Houston,TX,United States,"['Firearms, Ammunition and Explosives', 'Narcotics', 'Transnational Gangs']",3,False,True,True,609,12,0,accepted,[]
67fa5128c0e91dc90a8a,https://www.ice.gov/news/releases/16-charged-sweeping-houston-based-multimillion-dollar-illegal-gambling-money,"16 charged in sweeping Houston-based multimillion-dollar illegal gambling, money laundering conspiracy",2025-04-04,2025-04-04,2025,2025-04,0,Houston,TX,United States,['Financial Crimes'],1,False,True,True,598,12,0,accepted,[]
49fc1e411f2b71d75e2f,https://www.ice.gov/news/releases/2-drug-dealers-sentenced-murder-following-ice-hsi-investigation-florida,2 drug dealers sentenced for murder following ICE HSI investigation in Florida,2026-05-01,2026-05-01,2026,2026-05,0,Miami,FL,United States,['Narcotics'],1,True,True,True,318,7,0,accepted,[]
d706530cbf6f823aa503,https://www.ice.gov/news/releases/2-hondurans-indicted-transporting-minors-across-state-lines-sexual-activity,2 Hondurans indicted for transporting minors across state lines for sexual activity,2025-02-03,2025-06-13,2025,2025-02,130,Jacksonville,FL,United States,['Child Exploitation'],1,False,False,True,284,7,0,accepted,[]
f53a3f533b5eafae2b13,https://www.ice.gov/news/releases/2-mexican-nationals-defendants-ice-cases-secured-arizona,"2 Mexican nationals, defendants in ICE cases secured in Arizona",2025-03-06,2025-03-06,2025,2025-03,0,Phoenix,AZ,United States,['Narcotics'],1,False,False,True,392,9,0,accepted,[]
471555401f2b8dee5489,https://www.ice.gov/news/releases/2-ms-13-members-sentenced-racketeering-following-ice-new-england-partner,"2 MS-13 members sentenced for racketeering following ICE New England, partner investigation",2025-07-18,2025-07-22,2025,2025-07,4,Boston,MA,United States,['Transnational Gangs'],1,True,False,True,755,12,0,accepted,[]
0a3358b33a7b473bf36b,https://www.ice.gov/news/releases/2-naturalized-us-citizens-disrespect-legal-immigration-process-harboring-illegal,2 naturalized US citizens disrespect legal immigration process by harboring illegal aliens,2025-08-20,2025-08-25,2025,2025-08,5,Albuquerque,NM,United States,['Human Smuggling/Trafficking'],1,True,False,True,215,6,0,accepted,[]
97d341b9210d8c80dc23,https://www.ice.gov/news/releases/2-texas-women-indicted-kidnapping-abuse-and-forced-child-labor,"2 Texas women indicted for kidnapping, abuse and forced child labor",2026-02-17,2026-02-19,2026,2026-02,2,Washington,DC,United States,['Enforcement and Removal'],1,True,True,True,127,5,0,accepted,[]
ea0343c009bb41c75c00,https://www.ice.gov/news/releases/21-illegal-aliens-arrested-bay-leon-county-targeted-operation,"21 illegal aliens arrested in Bay, Leon County targeted operation",2025-05-20,2025-06-13,2025,2025-05,24,Panama City,FL,United States,['Enforcement and Removal'],1,False,False,True,574,10,0,accepted,[]
d6f13d20b38619a7d6a4,https://www.ice.gov/news/releases/25-canadian-nationals-connected-nationwide-multi-million-dollar-grandparent-scam,25 Canadian nationals connected to nationwide multi-million dollar “grandparent scam” charged in Vermont,2025-03-05,2025-06-13,2025,2025-03,100,Burlington,VT,United States,['Financial Crimes'],1,False,True,True,1252,42,0,accepted,[]
e9f07adbabd92f3a7e60,https://www.ice.gov/news/releases/287g-partnership-between-ice-and-ma-department-corrections-keeps-criminal-alien,287(g) partnership between ICE and MA Department of Corrections keeps criminal alien convicted of drug trafficking and weapons possession off the streets,2025-11-07,2025-11-07,2025,2025-11,0,Boston,MA,United States,['287g Immigration and Nationality Act'],1,False,True,True,286,7,0,accepted,[]
7e9ce30bb9877b791d93,https://www.ice.gov/news/releases/3-ice-officers-are-heroes-after-rescuing-motorist-burning-car-illinois,3 ICE officers are heroes after rescuing a motorist from a burning car in Illinois,2025-09-26,2025-09-26,2025,2025-09,0,Chicago,IL,United States,['Enforcement and Removal'],1,True,True,True,311,8,0,accepted,[]
25337143f99f5309e3fa,https://www.ice.gov/news/releases/3-illegal-aliens-arrested-southeast-texas-following-execution-search-warrant,3 illegal aliens arrested in Southeast Texas following execution of search warrant for suspected child sexual abuse materials,2025-06-05,2025-06-05,2025,2025-06,0,Houston,TX,United States,['Child Exploitation'],1,False,False,True,162,4,0,accepted,[]
765159179f970d4266d0,https://www.ice.gov/news/releases/3-violent-ms-13-gang-members-custody-following-ice-new-york-city-operation,3 violent MS-13 gang members in custody following ICE New York City operation,2025-08-13,2025-08-13,2025,2025-08,0,Washington,DC,United States,['Enforcement and Removal'],1,True,True,True,530,30,0,accepted,[]
562d46d800847981696d,https://www.ice.gov/news/releases/395m-counterfeit-sports-merchandise-seized-ahead-super-bowl-lix,$39.5M in counterfeit sports merchandise seized ahead of Super Bowl LIX,2025-02-05,2025-02-11,2025,2025-02,6,New Orleans,LA,United States,['Intellectual Property Rights and Commercial Fraud'],1,False,True,True,874,18,0,accepted,[]
1d2988afb901e792624b,https://www.ice.gov/news/releases/4-chinese-nationals-sentenced-roles-complex-fraud-scheme-following-multiagency,"4 Chinese nationals sentenced for roles in complex fraud scheme, following multiagency investigation",2025-04-02,2025-04-02,2025,2025-04,0,Los Angeles,CA,United States,"['Document and Benefit Fraud', 'Financial Crimes']",2,False,False,True,419,12,0,accepted,[]
a7fc3e14e00fbb651bf2,https://www.ice.gov/news/releases/4-illegal-aliens-charged-firearms-offenses-result-ice-las-cruces-and-atf,4 illegal aliens charged with firearms offenses as a result of an ICE Las Cruces and ATF investigation,2025-03-11,2025-03-12,2025,2025-03,1,Albuquerque,NM,United States,"['Firearms, Ammunition and Explosives']",1,False,True,True,443,11,0,accepted,[]
801ee1471fbcf5e4ae3f,https://www.ice.gov/news/releases/4-sentenced-federal-prison-cocaine-conspiracy-involving-89-kilograms,4 sentenced to federal prison for cocaine conspiracy involving 89 kilograms,2025-03-05,2025-03-05,2025,2025-03,0,Jacksonville,FL,United States,['Narcotics'],1,False,False,True,460,10,0,accepted,[]
949d4ee94c906952479d,https://www.ice.gov/news/releases/4-time-removed-twice-convicted-criminal-alien-sentenced-1-year-illegal-reentry,"4-time removed, twice convicted criminal alien sentenced to 1+ year for illegal reentry",2025-03-14,2025-03-17,2025,2025-03,3,Fort Myers,FL,United States,['Enforcement and Removal'],1,False,False,True,104,4,0,accepted,[]
9f75e410305b8be6e984,https://www.ice.gov/news/releases/5-37-fugitives-expelled-mexico-were-targets-ice-el-paso-investigation-foreign,5 of 37 fugitives expelled from Mexico were targets of ICE El Paso investigation into foreign terrorist organizations,2026-02-02,2026-02-03,2026,2026-02,1,El Paso,TX,United States,"['Narcotics', 'Human Smuggling/Trafficking']",2,False,False,True,493,12,0,accepted,[]
2e18b63c640d4f870744,https://www.ice.gov/news/releases/53-members-criminal-organization-known-las-farc-charged-drug-trafficking-and-firearms,"53 members of the criminal organization known as Las Farc charged with drug trafficking and firearms violations in San Juan, Puerto Rico",2025-08-04,2025-08-04,2025,2025-08,0,San Juan,PR,United States,['Narcotics'],1,False,False,True,176,4,0,accepted,[]
d5fc49ea9ffa00a183de,https://www.ice.gov/news/releases/6-foreign-nationals-indicted-illegal-reentry,6 foreign nationals indicted for illegal reentry,2025-03-11,2025-03-11,2025,2025-03,0,Jacksonville,FL,United States,['Enforcement and Removal'],1,False,False,True,155,4,0,accepted,[]
a2fa6ad913bfb00071ef,https://www.ice.gov/news/releases/6-time-removed-twice-convicted-mexican-national-charged-illegal-reentry,"6-time removed, twice convicted Mexican national charged with illegal reentry",2025-03-12,2025-03-12,2025,2025-03,0,Jacksonville,FL,United States,['Enforcement and Removal'],1,False,False,True,144,4,0,accepted,[]
d525395ed44dfc3fc601,https://www.ice.gov/news/releases/7-connecticut-gang-members-charged-murder-and-racketeering-offenses,7 Connecticut gang members charged with murder and racketeering offenses,2025-02-05,2025-06-13,2025,2025-02,128,Hartford,CT,United States,['Transnational Gangs'],1,False,False,True,1074,28,0,accepted,[]
347b467fcd873a1418b5,https://www.ice.gov/news/releases/8-venezuelan-illegal-aliens-ties-tren-da-aragua-are-charged-transnational-commercial,8 Venezuelan illegal aliens with ties to Tren da Aragua are charged with transnational commercial sex enterprise crimes,2025-02-14,2025-03-05,2025,2025-02,19,Nashville,TN,United States,"['Transnational Gangs', 'Human Smuggling/Trafficking', 'National Security', 'Organized Crime', 'Partnership and Engagement']",5,False,True,True,756,14,0,accepted,[]
498ad9636d52ccaeda08,https://www.ice.gov/news/releases/acting-ice-director-todd-m-lyons-statement-benjamin-hanil-songs-arrest,Acting ICE Director Todd M. Lyons’ statement on Benjamin Hanil Song’s arrest,2025-07-16,2025-07-16,2025,2025-07,0,Washington,DC,United States,['Statement'],1,False,False,False,107,1,0,accepted,[]
a2bb031dcccf95d3b6b4,https://www.ice.gov/news/releases/acting-ice-director-todd-m-lyons-statement-illegal-alien-shooting-cbp-officer,Acting ICE Director Todd M. Lyons’ statement on illegal alien shooting CBP officer,2025-07-21,2025-07-21,2025,2025-07,0,Washington,DC,United States,['Statement'],1,False,False,False,110,1,0,accepted,[]
220aba51b2f632fab9b5,https://www.ice.gov/news/releases/aliens-involved-road-rage-incident-charged-firearms-offenses-following-multi-agency,Aliens involved in road rage incident charged with firearms offenses following multi-agency investigation,2025-02-06,2025-02-06,2025,2025-02,0,Waco,TX,United States,"['Enforcement and Removal', 'Firearms, Ammunition and Explosives']",2,False,False,True,314,7,0,accepted,[]
10fe3a93f9f74dd4a59b,https://www.ice.gov/news/releases/arizona-man-sentenced-85-years-attempt-engage-child-sex-following-ice-tucson,Arizona man sentenced to 8.5 years for attempt to engage child for sex following ICE Tucson investigation,2025-09-19,2025-09-19,2025,2025-09,0,Tucson,AZ,United States,['Child Exploitation'],1,False,False,True,153,3,0,accepted,[]
3b030cc5a25a7fdc5f49,https://www.ice.gov/news/releases/arrests-foreign-nationals-made-electronic-benefit-transfer-card-fraud-scheme,Arrests of foreign nationals made in electronic benefit transfer card fraud scheme,2025-02-05,2025-06-13,2025,2025-02,128,Los Angeles,CA,United States,['Document and Benefit Fraud'],1,False,False,True,376,7,0,accepted,[]
60b507e7d4e4ef60a625,https://www.ice.gov/news/releases/british-national-indicted-organized-multi-state-fraud-and-money-laundering-scheme,British national indicted in organized multi-state fraud and money laundering scheme,2025-03-06,2026-01-27,2025,2025-03,327,Providence,RI,United States,['Financial Crimes'],1,False,False,True,359,11,0,accepted,[]
705cdbe25e92d4c6355b,https://www.ice.gov/news/releases/california-and-colorado-women-found-guilty-stalking-ice-officer,California and Colorado women found guilty of stalking ICE officer,2026-03-16,2026-03-16,2026,2026-03,0,Los Angeles,CA,United States,['Law Enforcement'],1,True,False,True,193,7,0,accepted,[]
097578a25662d626ba67,https://www.ice.gov/news/releases/california-man-accused-doxxing-ice-employee-now-custody,California man accused of doxxing ICE employee now in custody,2025-09-26,2025-09-26,2025,2025-09,0,San Diego,CA,United States,['Cyber Crimes'],1,False,False,True,278,7,0,accepted,[]
beea857b35ad7daec900,https://www.ice.gov/news/releases/california-man-arrested-charged-making-fake-ids-doordash-drivers-following-ice,"California man arrested, charged with making fake IDs for DoorDash drivers following ICE investigation",2025-08-08,2025-08-08,2025,2025-08,0,Buffalo,NY,United States,['Document and Benefit Fraud'],1,False,False,True,83,3,0,accepted,[]
2aea4da4f6a21e707f08,https://www.ice.gov/news/releases/cameroonian-citizen-believed-be-living-canada-wanted-elder-fraud-money-laundering,"Cameroonian citizen believed to be living in Canada is wanted for elder fraud, money laundering abusing the asylum system",2025-05-07,2025-06-13,2025,2025-05,37,Los Angeles,CA,United States,"['Financial Crimes', 'Document and Benefit Fraud']",2,False,True,True,716,17,0,accepted,[]
da0396c3f39642dfdddf,https://www.ice.gov/news/releases/canadian-citizen-charged-unlawful-aerial-photography-defense-installation,Canadian citizen charged with unlawful aerial photography of defense installation,2025-02-20,2025-02-20,2025,2025-02,0,Orlando,FL,United States,['National Security'],1,False,False,True,213,5,0,accepted,[]
43d329ab98706a0220f9,https://www.ice.gov/news/releases/canadian-national-ice-custody-passes-away,Canadian national in ICE custody passes away,2025-06-25,2025-06-25,2025,2025-06,0,Miami,FL,United States,['Detainee Death Notifications'],1,False,False,True,472,7,0,accepted,[]
b303aa5ed7177cdc4167,https://www.ice.gov/news/releases/career-criminal-illegal-alien-ice-custody-passes-away-local-hospital,"Career criminal, illegal alien in ICE custody passes away at local hospital",2026-01-10,2026-01-10,2026,2026-01,0,Philadelphia,PA,United States,['Detainee Death Notifications'],1,False,False,True,680,19,0,accepted,[]
dfe431088e26430419b0,https://www.ice.gov/news/releases/caribbean-arms-trafficking-ringleader-charged-conspiracy-smuggle-firearms-us,Caribbean arms trafficking ringleader charged with conspiracy to smuggle firearms from US,2025-02-03,2025-06-13,2025,2025-02,130,Tampa,FL,United States,"['Firearms, Ammunition and Explosives', 'Contraband']",2,False,False,True,392,7,0,accepted,[]
226782c03fcd216a2ae6,https://www.ice.gov/news/releases/caribbean-trafficking-leader-criminal-organization-sentenced-nearly-5-years-firearms,Caribbean trafficking: Leader of criminal organization sentenced to nearly 5 years for firearms smuggling conspiracy,2026-03-02,2026-03-03,2026,2026-03,1,Tampa,FL,United States,"['Firearms, Ammunition and Explosives']",1,False,True,True,503,28,0,accepted,[]
f739513657f070d18faa,https://www.ice.gov/news/releases/caught-camera-ice-arrests-violent-protesters-who-threatened-federal-law-enforcement,"Caught on camera: ICE arrests violent protesters who threatened federal law enforcement officers, damaged federal property following lawful operation",2025-06-13,2025-06-16,2025,2025-06,3,Omaha,NE,United States,['Law Enforcement'],1,False,True,True,412,10,0,accepted,[]
cb91c8ef310ea5db30ee,https://www.ice.gov/news/releases/child-exploitation-task-force-seizes-10-million-images-videos-second-year-sends-stern,"Child exploitation task force seizes 10+ million images, videos in second year, sends stern warning to predators",2025-03-14,2025-03-14,2025,2025-03,0,Jacksonville,FL,United States,['Child Exploitation'],1,False,False,True,376,6,0,accepted,[]
39d4cf5e525054db3b88,https://www.ice.gov/news/releases/child-predator-arrests-human-trafficking-highlight-most-viewed-articles-2015,"Child predator arrests, human trafficking highlight most viewed articles of 2015",2015-12-21,2025-08-18,2015,2015-12,3528,Washington,DC,United States,['Operational'],1,False,True,False,793,29,0,accepted,[]
b424e2a5b8eb9a98327e,https://www.ice.gov/news/releases/colombian-national-dies-after-being-found-unresponsive-ice-custody-phelps-county-jail,Colombian national dies after being found unresponsive in ICE custody at Phelps County Jail,2025-04-10,2025-04-10,2025,2025-04,0,Chicago,IL,United States,['Detainee Death Notifications'],1,False,False,True,309,5,0,accepted,[]
ed3a7ca3e96841c47794,https://www.ice.gov/news/releases/colorado-fentanyl-dealer-sentenced-texas-20-years-federal-prison-following-ice-el,Colorado fentanyl dealer sentenced in Texas to 20 years in federal prison following ICE El Paso investigation,2025-06-04,2025-06-04,2025,2025-06,0,Alpine,TX,United States,['Narcotics'],1,False,False,True,295,7,0,accepted,[]
151d5d2906ffe3cfcdbd,https://www.ice.gov/news/releases/connecticut-sanctuary-no-more-ice-federal-partners-remove-dangerous-illegal-aliens,"Connecticut is a sanctuary no more. ICE, federal partners remove dangerous illegal aliens from Connecticut streets during 4-day operation",2025-08-20,2025-08-20,2025,2025-08,0,Hartford,CT,United States,['Enforcement and Removal'],1,False,True,True,1325,37,0,accepted,[]
62d377d62ae07f94a956,https://www.ice.gov/news/releases/connecticut-woman-sentenced-over-2-years-citizenship-fraud-after-hiding-involvement,Connecticut woman sentenced to over 2 years for citizenship fraud after hiding involvement in war crimes,2026-04-27,2026-04-27,2026,2026-04,0,Charleston,WV,United States,['Human Rights Violators'],1,False,False,True,399,8,0,accepted,[]
2c6c4e148c443287726c,https://www.ice.gov/news/releases/convicted-alien-felon-passes-away-indiana-hospital,Convicted alien felon passes away at Indiana hospital,2026-02-18,2026-02-18,2026,2026-02,0,Miami County,IN,United States,['Detainee Death Notifications'],1,False,False,True,354,5,0,accepted,[]
4447aba31513938667c4,https://www.ice.gov/news/releases/convicted-child-sex-offender-philippines-passes-away-harlingen-hospital,Convicted child sex offender from Philippines passes away at Harlingen hospital,2025-12-08,2025-12-08,2025,2025-12,0,Houston,TX,United States,['Detainee Death Notifications'],1,False,False,True,542,7,0,accepted,[]
c450619b7c553877d0cb,https://www.ice.gov/news/releases/convicted-felon-faces-federal-drug-trafficking-charges-following-ice-el-paso,Convicted felon faces federal drug trafficking charges following ICE El Paso investigation,2025-09-23,2025-09-23,2025,2025-09,0,Albuquerque,NM,United States,['Narcotics'],1,False,True,True,188,6,0,accepted,[]
e1a439783c6376414567,https://www.ice.gov/news/releases/couple-charged-cross-border-identity-theft-and-immigration-fraud-scheme-following-ice,Couple charged in cross-border identity theft and immigration fraud scheme following ICE investigation,2025-09-08,2025-09-08,2025,2025-09,0,San Diego,CA,United States,['Document and Benefit Fraud'],1,False,False,True,198,3,0,accepted,[]
e4291c99437b0e17a456,https://www.ice.gov/news/releases/criminal-illegal-alien-afghanistan-previous-arrests-fraud-and-theft-passes-away-texas,Criminal illegal alien from Afghanistan with previous arrests for fraud and theft passes away at Texas hospital,2026-03-15,2026-03-16,2026,2026-03,1,Dallas,TX,United States,['Detainee Death Notifications'],1,True,False,True,487,10,0,accepted,[]
101c875ed7f7eea756ee,https://www.ice.gov/news/releases/criminal-illegal-alien-ice-custody-passes-away-natchez-mississippi,"Criminal illegal alien in ICE custody passes away in Natchez, Mississippi",2026-03-06,2026-03-09,2026,2026-03,3,Natchez,MS,United States,['Detainee Death Notifications'],1,False,False,True,672,13,0,accepted,[]
cb04795b1913e5ac8ce1,https://www.ice.gov/news/releases/criminal-illegal-alien-ice-custody-passes-away-scottsdale-arizona,"Criminal illegal alien in ICE custody passes away in Scottsdale, Arizona",2026-03-06,2026-03-12,2026,2026-03,6,Scottsdale,AZ,United States,['Detainee Death Notifications'],1,False,False,True,890,22,0,accepted,[]
1ebeef4dd92116bf61c3,https://www.ice.gov/news/releases/criminal-illegal-alien-mexico-passes-away-glades-county-detention-facility,Criminal illegal alien from Mexico passes away at Glades County Detention Facility,2026-03-18,2026-03-20,2026,2026-03,2,Miami,FL,United States,['Detainee Death Notifications'],1,False,False,True,487,8,0,accepted,[]
86dfe0e9072a6d90f41d,https://www.ice.gov/news/releases/criminal-illegal-alien-pakistan-passes-away-suspected-natural-causes-fort-worth,Criminal illegal alien from Pakistan passes away of suspected natural causes at Fort Worth hospital,2025-12-10,2025-12-10,2025,2025-12,0,Dallas,TX,United States,['Detainee Death Notifications'],1,False,False,True,497,9,0,accepted,[]
d6a063308eec32b37bfb,https://www.ice.gov/news/releases/criminal-illegal-alien-passes-away-california-hospital,Criminal illegal alien passes away in California hospital,2026-03-04,2026-03-04,2026,2026-03,0,Los Angeles,CA,United States,['Detainee Death Notifications'],1,False,False,True,426,9,0,accepted,[]
00efa0ef24a6ef88877d,https://www.ice.gov/news/releases/criminal-illegal-alien-passes-away-floridas-larkin-community-hospital,Criminal illegal alien passes away at Florida’s Larkin Community Hospital,2026-02-20,2026-02-20,2026,2026-02,0,Miami,FL,United States,['Detainee Death Notifications'],1,False,False,True,514,6,0,accepted,[]
3bdff2fa22520c944eaf,https://www.ice.gov/news/releases/criminal-illegal-alien-passes-away-ice-custody,Criminal illegal alien passes away in ICE custody,2026-03-30,2026-03-30,2026,2026-03,0,Los Angeles,CA,United States,['Detainee Death Notifications'],1,False,False,True,455,7,0,accepted,[]
9c07628613896154bcf8,https://www.ice.gov/news/releases/criminal-illegal-alien-passes-away-university-hospital-following-medical-emergency,Criminal illegal alien passes away at University Hospital following medical emergency at Delaney Hall Detention Facility,2025-12-18,2025-12-19,2025,2025-12,1,Newark,NJ,United States,['Detainee Death Notifications'],1,False,False,True,501,11,0,accepted,[]
5997b7befbc27dbde5c6,https://www.ice.gov/news/releases/criminal-illegal-alien-sentenced-nearly-20-years-leading-cartel-linked-drug,Criminal illegal alien sentenced to nearly 20 years for leading cartel-linked drug trafficking operation,2026-03-05,2026-03-05,2026,2026-03,0,Corpus Christi,TX,United States,"['Narcotics', 'Organized Crime', 'Transnational Gangs']",3,True,True,True,510,13,0,accepted,[]
315c57e3baaba66a8f6b,https://www.ice.gov/news/releases/criminal-illegal-alien-sentenced-prison-assaulting-ice-officers-during-massachusetts,Criminal illegal alien sentenced to prison for assaulting ICE officers during Massachusetts arrest,2026-01-27,2026-01-27,2026,2026-01,0,Boston,MA,United States,['Enforcement and Removal'],1,True,True,True,388,7,0,accepted,[]
0278b977b10d6982a82c,https://www.ice.gov/news/releases/criminal-illegal-alien-vietnam-passes-away-miami-correctional-center,Criminal illegal alien from Vietnam passes away at Miami Correctional Center,2026-04-04,2026-04-04,2026,2026-04,0,Bunker Hill,IN,United States,['Detainee Death Notifications'],1,False,False,True,386,6,0,accepted,[]
ad65363e0456ff561903,https://www.ice.gov/news/releases/cuban-illegal-alien-arrested-domestic-violence-dies-ice-custody-georgia-detention,"Cuban illegal alien, arrested for domestic violence, dies in ICE custody at Georgia detention center",2026-05-01,2026-05-01,2026,2026-05,0,Lumpkin,GA,United States,['Detainee Death Notifications'],1,False,False,True,511,8,0,accepted,[]
85a9902b31e107fd7936,https://www.ice.gov/news/releases/cuban-national-dies-ice-custody,Cuban national dies in ICE custody,2025-06-29,2025-06-29,2025,2025-06,0,Miami,FL,United States,['Detainee Death Notifications'],1,False,False,True,459,9,0,accepted,[]
1440c0c8461656817cbe,https://www.ice.gov/news/releases/cuban-national-sentenced-nearly-decade-federal-prison-human-smuggling,Cuban national sentenced to nearly a decade in federal prison for human smuggling,2025-04-02,2025-04-02,2025,2025-04,0,El Paso,TX,United States,['Human Smuggling/Trafficking'],1,False,False,True,310,4,0,accepted,[]
093d20679349d8776749,https://www.ice.gov/news/releases/deadly-evasion-illegal-immigrant-flees-ice-crashes-car-and-kills-innocent-driver,"Deadly evasion: Illegal immigrant flees ICE, crashes car and kills innocent driver",2026-02-16,2026-02-24,2026,2026-02,8,Savannah,GA,United States,['Enforcement and Removal'],1,True,True,True,409,12,0,accepted,[]
6a56908a6a5d16effb0c,https://www.ice.gov/news/releases/debunking-mainstream-media-lies-about-south-texas-family-residential-center-dilley,"Debunking the mainstream media lies about South Texas Family Residential Center in Dilley, Texas",2026-02-25,2026-02-25,2026,2026-02,0,Washington,DC,United States,['Enforcement and Removal'],1,True,False,True,855,26,0,accepted,[]
d4418e637e443e6f4274,https://www.ice.gov/news/releases/despite-being-attacked-rioters-ice-arizona-and-federal-partners-successfully-arrest,"Despite being attacked by rioters, ICE Arizona and federal partners successfully arrest dozens illegal aliens in major Arizona operation targeting a transnational criminal organization",2025-12-10,2025-12-11,2025,2025-12,1,Tucson,AZ,United States,"['National Security', 'Worksite Enforcement']",2,True,True,True,413,7,0,accepted,[]
2d96420d1ebcc5d0a609,https://www.ice.gov/news/releases/dhs-and-us-department-state-announce-return-stolen-cultural-property-hellenic,DHS and US Department of State announce return of stolen cultural property to the Hellenic Republic of Greece,2026-04-30,2026-05-01,2026,2026-04,1,Washington,DC,United States,"['Cultural Property, Art and Antiquities Investigations']",1,False,True,True,624,12,0,accepted,[]
35e6b3f2ce01acc5a84a,https://www.ice.gov/news/releases/dhs-blue-campaign-leads-national-effort-combat-human-trafficking-during-awareness,DHS Blue Campaign leads national effort to combat human trafficking during awareness month,2026-01-20,2026-01-20,2026,2026-01,0,Washington,DC,United States,['Human Smuggling/Trafficking'],1,True,False,True,414,12,0,accepted,[]
49a3a134d7ac80bb6a71,https://www.ice.gov/news/releases/dhs-cyber-crimes-center-tip-leads-arrest-criminal-alien-convicted-child-sex-offender,DHS Cyber Crimes Center tip leads to arrest of criminal alien convicted child sex offender,2025-06-27,2026-05-22,2025,2025-06,329,Washington,DC,United States,['Child Exploitation'],1,False,False,True,406,11,0,accepted,[]
2233edfe92c7740b94ea,https://www.ice.gov/news/releases/dhs-ice-and-interagency-enforcement-arrest-and-extradite-honduran-criminal-alien,"DHS, ICE, and interagency enforcement arrest and extradite Honduran criminal alien",2025-03-24,2025-03-25,2025,2025-03,1,Washington,DC,United States,['Enforcement and Removal'],1,False,False,True,719,13,0,accepted,[]
e721ccba2b98bfba464b,https://www.ice.gov/news/releases/dhs-initiative-uncovers-widespread-abuse-exploitation-unaccompanied-kids-placed,"DHS initiative uncovers widespread abuse, exploitation of unaccompanied kids placed with previously improperly vetted sponsors",2025-06-05,2025-06-05,2025,2025-06,0,Washington,DC,United States,"['Child Exploitation', 'Human Smuggling/Trafficking']",2,False,False,True,592,11,0,accepted,[]
b2a66e4eb3df7b936309,https://www.ice.gov/news/releases/dhs-know2protect-campaign-empowers-student-report-abuse-former-teacher-sentenced-7,DHS Know2Protect campaign empowers student to report abuse; former teacher sentenced to 7 years in federal prison,2025-06-13,2025-06-16,2025,2025-06,3,Washington,DC,United States,['Child Exploitation'],1,False,False,True,769,17,0,accepted,[]
647d37d90fdd63787c14,https://www.ice.gov/news/releases/dhs-secretary-joins-ice-phoenix-enhanced-targeted-operations,DHS Secretary joins ICE Phoenix on enhanced targeted operations,2025-04-11,2026-05-20,2025,2025-04,404,Phoenix,AZ,United States,['Enforcement and Removal'],1,False,True,True,250,6,0,accepted,[]
769fecc8b081d4409067,https://www.ice.gov/news/releases/dinosaur-skeletons-egg-returned-mongolia,"Dinosaur skeletons, egg returned to Mongolia",2014-07-09,2025-08-14,2014,2014-07,4054,New York,NY,United States,"['Cultural Property, Art and Antiquities Investigations']",1,False,True,True,673,19,0,accepted,[]
07dcec661b7f7b357339,https://www.ice.gov/news/releases/dominican-national-arrested-assaulting-ice-agents-puerto-rico,Dominican national arrested for assaulting ICE agents in Puerto Rico,2025-08-04,2025-08-04,2025,2025-08,0,San Juan,PR,United States,['Enforcement and Removal'],1,True,False,True,383,9,0,accepted,[]
617ff102acd2c348b23e,https://www.ice.gov/news/releases/dominican-national-passes-away-centro-medico-hospital-san-juan-after-narcoticshuman,Dominican national passes away at Centro Medico Hospital in San Juan after narcotics/human smuggling interdiction,2025-03-03,2025-03-03,2025,2025-03,0,San Juan,PR,United States,['Detainee Death Notifications'],1,False,False,True,367,6,0,accepted,[]
d0f28f905ddd3bd821cd,https://www.ice.gov/news/releases/dozens-dark-market-websites-seized-part-silk-road-20-investigation,Dozens of ‘Dark Market’ websites seized as part of Silk Road 2.0 investigation,2014-11-06,2025-08-18,2014,2014-11,3938,New York,NY,United States,['Contraband'],1,False,True,True,1180,18,0,accepted,[]
008c2031d1e33f970a61,https://www.ice.gov/news/releases/driver-second-human-smuggling-vehicle-involved-2021-southwest-texas-incident,Driver of second human smuggling vehicle involved in 2021 Southwest Texas incident sentenced to 10 years in federal prison following ICE Del Rio and federal partner investigation,2025-03-25,2025-03-25,2025,2025-03,0,Del Rio,TX,United States,['Human Smuggling/Trafficking'],1,False,False,True,269,4,0,accepted,[]
90e4bfac9b9650fffae3,https://www.ice.gov/news/releases/drug-dealer-criminal-illegal-alien-sentenced-5-years-following-homeland-security-task,"Drug dealer, criminal illegal alien sentenced to 5 years following Homeland Security Task Force operation",2026-05-07,2026-05-07,2026,2026-05,0,Seattle,WA,United States,['Narcotics'],1,True,False,True,503,15,0,accepted,[]
5c644a32b4770cba0cf8,https://www.ice.gov/news/releases/ecuadoran-man-sentenced-more-26-years-prison-recording-his-sexual-abuse-minor,Ecuadoran man sentenced to more than 26 years in prison for recording his sexual abuse of a minor in Connecticut,2025-03-03,2025-03-03,2025,2025-03,0,Hartford,CT,United States,['Child Exploitation'],1,False,False,True,337,9,0,accepted,[]
53eba5f22aa16141e2c6,https://www.ice.gov/news/releases/eighth-co-conspirator-convicted-role-botched-human-smuggling-attempt-resulted-2,Eighth co-conspirator convicted for role in botched human smuggling attempt that resulted in 2 aliens being shot,2025-05-05,2025-05-05,2025,2025-05,0,Houston,TX,United States,['Human Smuggling/Trafficking'],1,False,False,True,491,10,0,accepted,[]
7fa32a63979c7feb78ce,https://www.ice.gov/news/releases/el-paso-man-sentenced-15-years-federal-prison-child-pornography-charges,El Paso man sentenced to 15 years in federal prison for child pornography charges,2025-02-28,2025-03-03,2025,2025-02,3,El Paso,TX,United States,['Child Exploitation'],1,False,False,True,194,6,0,accepted,[]
066f579ee327e2cbdc20,https://www.ice.gov/news/releases/el-paso-texas-man-pleads-guilty-alien-smuggling-money-laundering-conspiracies,"El Paso, Texas, man pleads guilty to alien smuggling, money laundering conspiracies",2025-05-01,2025-07-15,2025,2025-05,75,Albuquerque,NM,United States,['Human Smuggling/Trafficking'],1,False,False,True,572,9,0,accepted,[]
f8f8b3dd312bd6c2390e,https://www.ice.gov/news/releases/elkton-man-convicted-child-exploitation-gets-30-year-prison-sentence-following-ice,Elkton man convicted of child exploitation gets 30-year prison sentence following ICE Baltimore investigation,2025-07-01,2025-07-01,2025,2025-07,0,Baltimore,MD,United States,['Child Exploitation'],1,False,False,True,444,10,0,accepted,[]
5387f6df826cec49fc36,https://www.ice.gov/news/releases/engineer-pleads-guilty-stealing-trade-secret-technology-designed-missile-launch,Engineer pleads guilty to stealing trade secret technology designed for missile launch detection,2025-07-22,2025-07-22,2025,2025-07,0,Los Angeles,CA,United States,['National Security'],1,False,False,True,943,16,0,accepted,[]
3992bce21109c055dffe,https://www.ice.gov/news/releases/ero-el-paso-deportation-officers-turn-over-previously-removed-mexican-fugitive,ERO El Paso deportation officers turn over a previously removed Mexican fugitive to Mexican authorities,2025-05-23,2025-06-13,2025,2025-05,21,El Paso,TX,United States,['Enforcement and Removal'],1,False,True,True,292,6,0,accepted,[]
b07a5cfab1481968cba5,https://www.ice.gov/news/releases/ero-houston-repatriates-accused-child-rapist-mexico-who-has-illegally-entered-us-4,ERO Houston repatriates accused child rapist to Mexico who has illegally entered US 4 times,2025-01-23,2025-06-12,2025,2025-01,140,Houston,TX,United States,['Enforcement and Removal'],1,False,True,True,677,9,0,accepted,[]
21d8f1062c03e8705848,https://www.ice.gov/news/releases/ero-los-angeles-arrests-mexican-national-convicted-dui,ERO Los Angeles arrests Mexican national convicted of DUI,2025-02-02,2025-06-13,2025,2025-02,131,Los Angeles,CA,United States,['Enforcement and Removal'],1,False,True,True,147,5,0,accepted,[]
fdd4a259081bc4399981,https://www.ice.gov/news/releases/ethiopian-national-ice-custody-passes-away-phoenix-area-hospital,Ethiopian national in ICE custody passes away at Phoenix-area hospital,2025-02-07,2025-02-12,2025,2025-02,5,Phoenix,AZ,United States,['Detainee Death Notifications'],1,False,False,True,490,7,0,accepted,[]
4d57fa03c380a0701e40,https://www.ice.gov/news/releases/fake-green-card-4-time-illegal-reentry-leads-2-criminal-alien-arrests-florida,"Fake green card, 4-time illegal reentry leads to 2 criminal alien arrests in Florida",2025-07-25,2025-07-25,2025,2025-07,0,Pensacola,FL,United States,"['Enforcement and Removal', 'Worksite Enforcement']",2,False,False,True,232,4,0,accepted,[]
96cf3f09de8be63bf5a8,https://www.ice.gov/news/releases/father-and-son-indicted-providing-material-support-mexican-cartel-engaged-terrorism,"Father and son indicted for providing material support to Mexican cartel engaged in terrorism following ICE Rio Grande Valley, federal partner investigation",2025-05-30,2025-06-02,2025,2025-05,3,Brownsville,TX,United States,['Financial Crimes'],1,True,True,True,943,15,0,accepted,[]
8c184c298b78089c10b9,https://www.ice.gov/news/releases/father-son-arrested-fentanyl-trafficking-gun-sales-and-immigration-violations,"Father, son arrested on fentanyl trafficking, gun sales and immigration violations following ICE, multiagency investigation",2025-03-28,2025-06-13,2025,2025-03,77,Los Angeles,CA,United States,"['Narcotics', 'Firearms, Ammunition and Explosives']",2,False,False,True,463,10,0,accepted,[]
3473ecf5ecb1d70f8411,https://www.ice.gov/news/releases/federal-grand-jury-indicts-new-jersey-firearms-trafficker-following-ice-investigation,Federal grand jury indicts New Jersey firearms trafficker following ICE investigation,2025-03-12,2025-03-12,2025,2025-03,0,Newark,NJ,United States,"['Firearms, Ammunition and Explosives']",1,False,False,True,360,7,0,accepted,[]
818c0b8489817990cdc3,https://www.ice.gov/news/releases/florida-businessman-sentenced-migrant-labor-employment-scheme-payroll-tax-evasion,"Florida businessman sentenced for migrant labor employment scheme, payroll tax evasion, worker death",2025-03-05,2025-03-05,2025,2025-03,0,Tampa,FL,United States,"['Document and Benefit Fraud', 'Financial Crimes', 'Worksite Enforcement']",3,False,False,True,415,6,0,accepted,[]
881f2bbb731180300c28,https://www.ice.gov/news/releases/florida-man-arrested-1993-execution-style-murders-husband-wife-following-hsi-new-york,"Florida man arrested for 1993 execution-style murders of husband, wife following HSI New York, NYPD investigation",2026-05-04,2026-05-04,2026,2026-05,0,New York,NY,United States,['Law Enforcement'],1,False,True,True,332,7,0,accepted,[]
bce968b9a85acc2447b6,https://www.ice.gov/news/releases/florida-man-indicted-attempting-entice-minor-engage-sexual-activity,Florida man indicted for attempting to entice a minor to engage in sexual activity,2025-02-03,2025-06-13,2025,2025-02,130,Ocala,FL,United States,['Child Exploitation'],1,False,False,True,262,7,0,accepted,[]
cad27b32b556b1e8d6e4,https://www.ice.gov/news/releases/florida-man-pleads-guilty-distributing-violent-sexual-animal-crushing-videos,"Florida man pleads guilty to distributing violent, sexual animal crushing videos following ICE investigation",2026-03-16,2026-03-16,2026,2026-03,0,Washington,DC,United States,['Cyber Crimes'],1,True,True,True,223,6,0,accepted,[]
5ee3ca2836d1cc153ba6,https://www.ice.gov/news/releases/florida-man-pleads-guilty-operating-helicopter-without-license,Florida man pleads guilty to operating a helicopter without license,2025-03-05,2025-03-06,2025,2025-03,1,Tampa,FL,United States,['National Security'],1,False,False,True,249,5,0,accepted,[]
6c1b37cafedadbf6bb23,https://www.ice.gov/news/releases/florida-sex-offender-sentenced-15-years-distribution-child-sexual-abuse-material,Florida sex offender sentenced to 15 years for distribution of child sexual abuse material,2025-03-28,2025-03-28,2025,2025-03,0,Jacksonville,FL,United States,['Child Exploitation'],1,False,False,True,263,6,0,accepted,[]
95d1bf66a0bc2950ee0c,https://www.ice.gov/news/releases/florida-woman-ordered-pay-3-million-wire-tax-fraud-scheme,"Florida woman ordered to pay $3+ million for wire, tax fraud scheme",2025-03-04,2025-03-04,2025,2025-03,0,Jacksonville,FL,United States,"['Worksite Enforcement', 'Financial Crimes']",2,False,False,True,640,8,0,accepted,[]
fdc2998819d8495476c1,https://www.ice.gov/news/releases/former-bosnian-prison-camp-supervisor-sentenced-over-5-years-prison-concealing,Former Bosnian prison camp supervisor sentenced to over 5 years in prison for concealing participation in wartime persecution,2025-01-23,2025-06-13,2025,2025-01,141,Boston,MA,United States,['Human Rights Violators'],1,True,True,True,1074,10,0,accepted,[]
2ecac70a82f3da5951ae,https://www.ice.gov/news/releases/former-city-commissioner-west-covina-california-sentenced-child-exploitation,"Former city commissioner for West Covina, California sentenced for child exploitation violations, following ICE investigation",2025-03-21,2026-05-20,2025,2025-03,425,Los Angeles,CA,United States,['Child Exploitation'],1,False,False,True,314,7,0,accepted,[]
0cd64dbc77ca3c1f5e22,https://www.ice.gov/news/releases/former-el-paso-us-army-soldier-charged-child-pornography-offenses,Former El Paso US Army soldier charged with child pornography offenses,2025-05-15,2025-05-15,2025,2025-05,0,Washington,DC,United States,['Child Exploitation'],1,False,False,True,255,6,0,accepted,[]
362fbaaca23291036eee,https://www.ice.gov/news/releases/former-fort-hood-soldiers-sentenced-federal-prison-alien-smuggling-result-ice-el-paso,Former Fort Hood soldiers sentenced to federal prison for alien smuggling as result of ICE El Paso investigation,2025-06-18,2025-06-18,2025,2025-06,0,Alpine,TX,United States,['Human Smuggling/Trafficking'],1,False,False,True,569,10,0,accepted,[]
18d5e9df53eeea69f392,https://www.ice.gov/news/releases/former-gambian-soldier-convicted-torture-charges-unprecedented-us-trial-following-ice,"Former Gambian soldier convicted on torture charges in unprecedented US trial, following ICE investigation",2025-04-16,2025-04-17,2025,2025-04,1,Denver,CO,United States,['Human Rights Violators'],1,False,False,True,830,12,0,accepted,[]
98568f70113a5ded9307,https://www.ice.gov/news/releases/former-major-league-baseball-interpreter-sentenced-57-months-imprisonment-following,"Former Major League Baseball interpreter sentenced to 57 months imprisonment, following HSI Los Angeles, IRS-CI investigation",2025-02-07,2025-06-13,2025,2025-02,126,Santa Ana,CA,United States,['Financial Crimes'],1,False,False,True,768,15,0,accepted,[]
c35f038e8c60d5fa31f5,https://www.ice.gov/news/releases/former-mayor-les-irois-haiti-convicted-visa-fraud,"Former mayor of Les Irois, Haiti convicted of visa fraud",2025-04-01,2025-04-01,2025,2025-04,0,Boston,MA,United States,"['Human Rights Violators', 'Document and Benefit Fraud']",2,False,False,True,1244,16,0,accepted,[]
44ca6307e6ece493ecc8,https://www.ice.gov/news/releases/former-nba-star-suspected-israeli-crime-figure-arrested-federal-indictment-alleging,"Former NBA star, suspected Israeli crime figure arrested on federal indictment alleging high-stakes illegal poker games at Encino mansion",2025-07-30,2025-07-30,2025,2025-07,0,Los Angeles,CA,United States,['Organized Crime'],1,False,False,True,129,4,0,accepted,[]
fff6ff9afad50f8a9dc9,https://www.ice.gov/news/releases/former-priest-and-convicted-child-molester-sentenced-passport-fraud-stripped,"Former priest and convicted child molester sentenced for passport fraud, stripped of citizenship, and ordered deported",2025-03-06,2025-08-18,2025,2025-03,165,Alexandria,LA,United States,['Enforcement and Removal'],1,False,True,True,553,11,0,accepted,[]
c05d8fb1bf4e6379958c,https://www.ice.gov/news/releases/former-puerto-rico-police-officer-sentenced-child-exploitation-following-ice-san-juan,Former Puerto Rico police officer sentenced for child exploitation following ICE San Juan investigation,2025-04-03,2026-05-19,2025,2025-04,411,San Juan,PR,United States,['Child Exploitation'],1,False,False,True,316,6,0,accepted,[]
fa61b32d4d86fd7f4f9b,https://www.ice.gov/news/releases/former-rwandan-genocide-perpetrator-charged-immigration-fraud-following-ice,Former Rwandan genocide perpetrator charged with immigration fraud following ICE investigation,2025-06-18,2025-06-18,2025,2025-06,0,Dayton,OH,United States,['Human Rights Violators'],1,False,False,True,709,13,0,accepted,[]
c46a2c08ecd9b1dd39a2,https://www.ice.gov/news/releases/fugitive-extradited-mexico-face-drug-trafficking-charges-after-ice-san-diego,Fugitive extradited from Mexico to face drug trafficking charges after ICE San Diego investigation,2025-08-19,2025-08-19,2025,2025-08,0,San Diego,CA,United States,['Narcotics'],1,False,False,True,224,3,0,accepted,[]
e68c5b42528b2b05cce1,https://www.ice.gov/news/releases/gainesville-man-pleads-guilty-faces-life-attempting-entice-minor-online-planning-meet,"Gainesville man pleads guilty, faces life for attempting to entice a minor online, planning to meet for sex",2025-01-31,2025-06-13,2025,2025-01,133,Ocala,FL,United States,['Child Exploitation'],1,False,False,True,250,6,0,accepted,[]
603cd15e695010dbf47b,https://www.ice.gov/news/releases/guatemalan-alien-illegally-residing-us-and-convicted-sexual-battery-indicted,"Guatemalan alien illegally residing in the US and convicted of sexual battery indicted for fraudulently obtaining custody of an unaccompanied alien child in the United States, following ICE, joint law enforcement partner investigation",2025-04-22,2025-06-13,2025,2025-04,52,Washington,DC,United States,['Human Smuggling/Trafficking'],1,False,False,True,907,12,0,accepted,[]
9e602dccbc430e68b2f6,https://www.ice.gov/news/releases/guatemalan-national-charged-transportation-distribution-and-possession-child,"Guatemalan national charged with transportation, distribution and possession of child pornography following joint HSI and Oklahoma Police Department investigation",2025-02-06,2025-06-04,2025,2025-02,118,Oklahoma City,OK,United States,['Child Exploitation'],1,False,False,True,288,8,0,accepted,[]
248736371e24d9d0d779,https://www.ice.gov/news/releases/guatemalan-national-sentenced-conspiracy-and-illegal-reentry,Guatemalan national sentenced for conspiracy and illegal reentry,2025-01-31,2025-02-06,2025,2025-01,6,Providence,RI,United States,['Organized Crime'],1,False,False,True,330,5,0,accepted,[]
89ea81a74e75976a9de9,https://www.ice.gov/news/releases/haitian-national-ice-custody-passes-away,Haitian national in ICE custody passes away,2025-04-29,2025-04-29,2025,2025-04,0,Miami,FL,United States,['Detainee Death Notifications'],1,False,False,True,394,5,0,accepted,[]
d27e9ec3710ff6416ae0,https://www.ice.gov/news/releases/heinous-rapists-arrested-ice-los-angeles,Heinous rapists arrested by ICE in Los Angeles,2025-08-11,2025-08-11,2025,2025-08,0,Los Angeles,CA,United States,['Enforcement and Removal'],1,True,True,True,269,5,0,accepted,[]
010d83598a335c42b5ab,https://www.ice.gov/news/releases/homeland-security-task-force-created-houston,Homeland Security Task Force created in Houston,2025-07-17,2025-07-17,2025,2025-07,0,Houston,TX,United States,['National Security'],1,True,False,True,504,8,0,accepted,[]
71f6f2792521d956d4bd,https://www.ice.gov/news/releases/homeless-venezuelan-alien-asks-be-taken-ice-custody,Homeless Venezuelan alien asks to be taken into ICE custody,2025-02-10,2025-06-13,2025,2025-02,123,Detroit,MI,United States,['Enforcement and Removal'],1,False,False,True,134,5,0,accepted,[]
58dda271a354c06aef23,https://www.ice.gov/news/releases/honduran-arrested-aggravated-identity-theft,Honduran arrested for aggravated identity theft,2025-04-11,2025-04-11,2025,2025-04,0,Tampa,FL,United States,['Document and Benefit Fraud'],1,False,False,True,224,5,0,accepted,[]
d0e4111966a9bcf06ad2,https://www.ice.gov/news/releases/honduran-indicted-illegal-reentry-faces-10-years-prison,"Honduran indicted for illegal reentry, faces 10 years in prison",2025-02-04,2025-02-05,2025,2025-02,1,Jacksonville,FL,United States,"['National Security', 'Enforcement and Removal']",2,False,False,True,147,4,0,accepted,[]
e800a935cdf9e48d26c8,https://www.ice.gov/news/releases/honduran-man-extradited-us-alleged-role-international-drug-smuggling-conspiracy,Honduran man extradited to US for alleged role in international drug smuggling conspiracy,2025-04-14,2025-04-14,2025,2025-04,0,Washington,DC,United States,['Narcotics'],1,False,False,True,693,12,0,accepted,[]
dd138be032c83a6b1041,https://www.ice.gov/news/releases/honduran-national-arrested-charged-possession-counterfeit-green-card-illegal-re-entry,"Honduran national arrested, charged with possession of counterfeit green card, illegal re-entry",2025-03-04,2025-03-04,2025,2025-03,0,Jacksonville,FL,United States,['Enforcement and Removal'],1,False,False,True,110,4,0,accepted,[]
ef1d6cf336075f1c679f,https://www.ice.gov/news/releases/honduran-national-arrested-illegal-reentry,Honduran national arrested for illegal reentry,2025-02-25,2025-03-05,2025,2025-02,8,Orlando,FL,United States,['Enforcement and Removal'],1,False,False,True,128,4,0,accepted,[]
a4f27e81f63ba30ae244,https://www.ice.gov/news/releases/honduran-national-ice-custody-passes-away-miami-area-hospital,Honduran national in ICE custody passes away at Miami-area hospital,2025-01-24,2025-03-24,2025,2025-01,59,Miami,FL,United States,['Detainee Death Notifications'],1,False,False,True,529,7,0,accepted,[]
a2277686d4a35b90ac8d,https://www.ice.gov/news/releases/honduran-national-ice-custody-passes-away,Honduran national in ICE custody passes away,2025-09-23,2025-09-23,2025,2025-09,0,New York,NY,United States,['Detainee Death Notifications'],1,True,False,True,558,9,0,accepted,[]
f62f8980d723ee729a1c,https://www.ice.gov/news/releases/honduran-national-sentenced-14-million-payroll-scheme-defraud-irs-workers,"Honduran national sentenced in $14+ million payroll scheme to defraud IRS, workers’ compensation insurance company",2025-01-22,2025-06-13,2025,2025-01,142,Jacksonville,FL,United States,['Financial Crimes'],1,False,False,True,678,10,0,accepted,[]
c8ca12c758e5f38871be,https://www.ice.gov/news/releases/honduran-national-sentenced-46-months-illegally-reentering-us,Honduran national sentenced to 46 months for illegally reentering the US,2025-02-03,2025-06-13,2025,2025-02,130,Orlando,FL,United States,['Document and Benefit Fraud'],1,False,False,True,285,7,0,accepted,[]
8bb54a216c19a13f009e,https://www.ice.gov/news/releases/honduran-national-sentenced-illegal-reentry-us,Honduran national sentenced for illegal reentry into the US,2025-02-03,2025-02-03,2025,2025-02,0,Tampa,FL,United States,['Enforcement and Removal'],1,False,False,True,108,3,0,accepted,[]
0cac4df5ae112d93a223,https://www.ice.gov/news/releases/houston-man-sentenced-prison-stealing-car-smuggle-aliens,Houston man sentenced to prison for stealing car to smuggle aliens,2025-02-03,2025-06-13,2025,2025-02,130,Corpus Christi,TX,United States,['Human Smuggling/Trafficking'],1,False,False,True,372,9,0,accepted,[]
1ebceaebddbb981ef37c,https://www.ice.gov/news/releases/houston-resident-heads-prison-trafficking-fentanyl-hidden-compartment-following-ice,"Houston resident heads to prison for trafficking fentanyl in hidden compartment following ICE Rio Grande Valley, federal partner investigation",2025-03-03,2025-03-04,2025,2025-03,1,Brownsville,TX,United States,['Narcotics'],1,False,False,True,303,6,0,accepted,[]
515b180166c7eabfc5bc,https://www.ice.gov/news/releases/hsi-arizona-arrested-man-alleged-child-sex-trafficking-and-producing-child-sexual,HSI Arizona arrested man for alleged child sex trafficking and producing child sexual abuse material,2025-10-21,2025-10-31,2025,2025-10,10,Tucson,AZ,United States,['Child Exploitation'],1,True,True,True,271,5,0,accepted,[]
be7e7e8e6674ac6196d4,https://www.ice.gov/news/releases/hsi-buffalo-investigation-lands-sentencing-new-york-woman-who-participated-sex,HSI Buffalo investigation lands sentencing of New York woman who participated in sex trafficking conspiracy,2025-02-05,2025-02-06,2025,2025-02,1,Buffalo,NY,United States,"['Human Smuggling/Trafficking', 'Child Exploitation']",2,False,False,True,234,4,0,accepted,[]
46a882ab77f8ab384088,https://www.ice.gov/news/releases/hsi-cbp-and-hpd-conduct-operation-targeting-counterfeit-sports-merchandise-southwest,"HSI, CBP and HPD conduct operation targeting counterfeit sports merchandise in Southwest Houston, seize nearly $2 million in counterfeit items",2026-04-06,2026-04-06,2026,2026-04,0,Houston,TX,United States,['Intellectual Property Rights and Commercial Fraud'],1,False,False,True,506,14,0,accepted,[]
0acefd9964a178717edb,https://www.ice.gov/news/releases/hsi-del-rio-federal-partner-investigation-results-mexican-national-extradited-us,"HSI Del Rio, federal partner investigation results in a Mexican national extradited to the US for involvement in an international human smuggling operation",2025-01-22,2025-06-13,2025,2025-01,142,Del Rio,TX,United States,['Human Smuggling/Trafficking'],1,False,False,True,406,9,0,accepted,[]
7bc75d84e9d5ef30adda,https://www.ice.gov/news/releases/hsi-eagle-pass-investigation-results-central-texas-man-charged-smuggling-dozens,HSI Eagle Pass investigation results in Central Texas man charged for smuggling dozens of firearms into Mexico through Eagle Pass,2025-01-30,2025-02-06,2025,2025-01,7,Del Rio,TX,United States,"['Firearms, Ammunition and Explosives', 'Contraband']",2,False,True,True,236,5,0,accepted,[]
9609f08c65ef474c5240,https://www.ice.gov/news/releases/hsi-el-paso-announces-arrests-violent-criminal-aliens-west-texas-during-targeted,HSI El Paso announces arrests of violent criminal aliens in West Texas during targeted enforcement operation,2025-02-05,2025-02-06,2025,2025-02,1,El Paso,TX,United States,['National Security'],1,False,True,True,286,8,0,accepted,[]
d4eea761b24a8882286a,https://www.ice.gov/news/releases/hsi-houston-law-enforcement-partners-apprehend-2-criminal-alien-fugitives-wanted,"HSI Houston, law enforcement partners apprehend 2 criminal alien fugitives wanted for child sex offenses, other violent crimes",2025-01-27,2025-06-13,2025,2025-01,137,Houston,TX,United States,['Child Exploitation'],1,False,True,True,404,7,0,accepted,[]
4eaa21004aeefc52d9f7,https://www.ice.gov/news/releases/hsi-investigation-leads-15-year-sentence-dark-web-moderator-advertising-child-sexual,HSI investigation leads to 15-year sentence for dark web moderator advertising child sexual abuse material,2025-01-24,2025-06-13,2025,2025-01,140,Portland,ME,United States,['Child Exploitation'],1,True,False,True,549,10,0,accepted,[]
684cee2d20a674238949,https://www.ice.gov/news/releases/hsi-investigation-leads-guilty-pleas-chinese-nationals-fraudulent-gift-card,HSI investigation leads to guilty pleas for Chinese nationals in fraudulent gift card conspiracy,2025-01-23,2025-06-13,2025,2025-01,141,Concord,NH,United States,['Financial Crimes'],1,False,False,True,440,9,0,accepted,[]
ec43d4179929796c94d7,https://www.ice.gov/news/releases/hsi-kansas-city-hosts-young-european-leaders-15-nations-share-strategies-combating,HSI Kansas City hosts young European leaders from 15 nations to share strategies for combating transnational crime and illegal immigration,2025-08-25,2025-08-25,2025,2025-08,0,Kansas City,MO,United States,['Partnership and Engagement'],1,False,True,True,298,6,0,accepted,[]
553d1954c2bc5e69b218,https://www.ice.gov/news/releases/hsi-kansas-city-leads-investigation-resulting-federal-prison-sentence-florida-woman,HSI Kansas City leads investigation resulting in federal prison sentence for Florida woman,2026-03-24,2026-04-15,2026,2026-03,22,Tampa,FL,United States,['Financial Crimes'],1,True,True,True,292,7,0,accepted,[]
29e2f359708ecdbb6dc0,https://www.ice.gov/news/releases/hsi-lax-special-agents-seize-over-3-million-worth-gold-jewelry,HSI LAX special agents seize over $3 million worth of gold jewelry,2025-01-22,2025-06-13,2025,2025-01,142,Los Angeles,CA,United States,['Contraband'],1,False,True,True,193,5,0,accepted,[]
bf5074333990150e7c15,https://www.ice.gov/news/releases/hsi-led-operation-targeting-criminal-sex-trafficking-dallas-area-strip-club-results,HSI-led operation targeting criminal sex trafficking at Dallas-area strip club results in 41 arrests,2025-09-30,2025-09-30,2025,2025-09,0,Dallas,TX,United States,"['Human Smuggling/Trafficking', 'Worksite Enforcement']",2,False,True,True,334,10,0,accepted,[]
76075a4e31c66881a2bd,https://www.ice.gov/news/releases/hsi-los-angeles-cherry-hill-and-honolulu-special-agents-arrest-members-online-neo,"HSI Los Angeles, Cherry Hill, and Honolulu special agents arrest members of online neo-Nazi group on child exploitation enterprise charges",2025-02-05,2026-05-19,2025,2025-02,468,Los Angeles,CA,United States,['Child Exploitation'],1,False,False,True,667,13,0,accepted,[]
24f9d62efcf95229ea44,https://www.ice.gov/news/releases/hsi-los-angeles-special-agents-arrest-8-customs-fraud-scheme-involving-goods-china,HSI Los Angeles special agents arrest 8 in customs fraud scheme involving goods from China,2025-01-29,2025-06-13,2025,2025-01,135,Los Angeles,CA,United States,"['Contraband', 'Financial Crimes']",2,False,False,True,814,21,0,accepted,[]
8c4082fc8583718339a7,https://www.ice.gov/news/releases/hsi-los-angeles-teaming-federal-and-local-partners-form-task-force-combating-crimes,HSI Los Angeles teaming with federal and local partners to form task force on combating crimes related to wildfires,2025-01-21,2025-06-13,2025,2025-01,143,Los Angeles,CA,United States,['Operational'],1,False,False,True,427,9,0,accepted,[]
48308ae98bc142cf6c1b,https://www.ice.gov/news/releases/hsi-miami-key-west-investigation-leads-2-ukrainian-nationals-sentenced-25m-tax,"HSI Miami-Key West investigation leads to 2 Ukrainian nationals sentenced for $25m tax evasion, money laundering and labor exploitation conspiracy",2025-01-29,2025-06-04,2025,2025-01,126,Miami,FL,United States,['Financial Crimes'],1,True,False,True,399,10,0,accepted,[]
e36727fdab585d77b959,https://www.ice.gov/news/releases/hsi-new-york-led-arrest-tren-de-aragua-fugitive-found-possession-loaded-firearm,HSI New York led arrest of Tren De Aragua fugitive found in possession of loaded firearm,2025-01-30,2025-02-06,2025,2025-01,7,New York,NY,United States,['Transnational Gangs'],1,False,False,True,561,8,0,accepted,[]
97511d7e72aeab10277a,https://www.ice.gov/news/releases/hsi-newark-investigation-leads-conviction-new-jersey-man-financial-crimes-and,HSI Newark investigation leads to conviction of New Jersey man on financial crimes and trafficking fentanyl-related substances,2025-02-03,2025-06-13,2025,2025-02,130,Newark,NJ,United States,"['Narcotics', 'Financial Crimes']",2,False,False,True,363,6,0,accepted,[]
f98d6e6327c8f23618d7,https://www.ice.gov/news/releases/hsi-newark-investigation-leads-new-york-man-charged-sexual-exploitation-children,HSI Newark investigation leads to New York man charged with sexual exploitation of children,2025-01-23,2026-05-19,2025,2025-01,481,Central Islip,NY,United States,['Child Exploitation'],1,False,False,True,487,10,0,accepted,[]
b99f0d5e651af5a3cb2a,https://www.ice.gov/news/releases/hsi-newark-investigation-results-north-carolina-man-charged-child-exploitation,HSI Newark investigation results in North Carolina man charged with child exploitation related crimes,2025-02-04,2025-06-13,2025,2025-02,129,Newark,NJ,United States,['Child Exploitation'],1,False,False,True,250,5,0,accepted,[]
fad93a06ff2b26e23819,https://www.ice.gov/news/releases/hsi-newark-supports-new-jersey-attorney-general-taking-down-large-scale-diesel-fuel,HSI Newark supports New Jersey Attorney General in taking down large-scale diesel fuel theft ring on the East Coast,2025-01-21,2025-06-13,2025,2025-01,143,Newark,NJ,United States,['Financial Crimes'],1,False,False,True,661,11,0,accepted,[]
e224f9a9cd8b26ca036f,https://www.ice.gov/news/releases/hsi-phoenix-arrests-11-illegal-aliens-charged-document-fraud-and-false-claims-us,HSI Phoenix arrests 11 illegal aliens charged with document fraud and false claims of US citizenship,2025-09-30,2025-09-30,2025,2025-09,0,Phoeniz,AZ,United States,['Document and Benefit Fraud'],1,False,False,True,118,3,0,accepted,[]
7d501013569dc9935ab6,https://www.ice.gov/news/releases/hsi-rgv-federal-partners-investigation-results-sentencing-south-texas-man-deadly,"HSI RGV, Federal partners investigation results in the sentencing of a South Texas man for a deadly human smuggling event",2025-02-06,2025-02-06,2025,2025-02,0,Brownsville,TX,United States,['Human Smuggling/Trafficking'],1,False,False,True,407,8,0,accepted,[]
6111cee5c25c51054f66,https://www.ice.gov/news/releases/hsi-rgv-multi-agency-investigation-results-sentencing-former-deputy-sheriff-drug,"HSI RGV, multi-agency investigation results in the sentencing of a former deputy sheriff for drug trafficking",2025-01-29,2025-02-06,2025,2025-01,8,McAllen,TX,United States,['Narcotics'],1,False,False,True,361,9,0,accepted,[]
0da81fec141a287694bc,https://www.ice.gov/news/releases/hsi-san-diego-multiagency-case-sends-trafficker-195-years-prison-supplying-weapons,"HSI San Diego, multiagency case sends trafficker to 19.5 years in prison for supplying weapons and ammunition to Sinaloa Cartel",2025-01-24,2025-02-06,2025,2025-01,13,San Diego,CA,United States,"['Firearms, Ammunition and Explosives', 'Transnational Gangs']",2,False,False,True,1053,15,0,accepted,[]
c3b9a0d25881784d66ed,https://www.ice.gov/news/releases/hsi-st-paul-investigation-lands-10-year-sentence-guatemalan-child-sex-trafficking,HSI St. Paul investigation lands 10-year sentence for Guatemalan in child sex trafficking case,2025-01-21,2025-06-13,2025,2025-01,143,Sioux Falls,SD,United States,"['Child Exploitation', 'Human Smuggling/Trafficking']",2,False,False,True,448,9,0,accepted,[]
ebd41393ead266363152,https://www.ice.gov/news/releases/hsi-tampa-cbp-partnership-combats-threats-floridas-ports-strengthens-international,"HSI Tampa, CBP partnership combats threats at Florida’s ports, strengthens international trade",2025-05-02,2025-05-02,2025,2025-05,0,Washington,DC,United States,"['National Security', 'Intellectual Property Rights and Commercial Fraud', 'Partnership and Engagement']",3,False,True,True,555,7,0,accepted,[]
453085c012aa2ab0a69c,https://www.ice.gov/news/releases/hsi-tucson-dea-us-marshals-arrest-2-illegal-aliens-previously-convicted-aggravated,"HSI Tucson, DEA, U.S. Marshals arrest 2 illegal aliens previously convicted for aggravated felonies",2025-01-31,2025-02-06,2025,2025-01,6,Tucson,AZ,United States,"['Organized Crime', 'Narcotics']",2,False,False,True,271,6,0,accepted,[]
61c61db938d80dc2b77c,https://www.ice.gov/news/releases/hsi-undercover-operation-nets-10-year-sentence-former-tufts-medical-center-doctor,HSI undercover operation nets 10-year sentence for former Tufts Medical Center doctor for attempted sex trafficking of a child,2025-01-31,2025-06-13,2025,2025-01,133,Boston,MA,United States,['Child Exploitation'],1,False,False,True,631,11,0,accepted,[]
5a5d02e0bb9876e2e1d6,https://www.ice.gov/news/releases/hsi-us-marshals-arrest-fugitive-new-jersey-wanted-sex-crimes-against-children-israel,"HSI, US Marshals arrest fugitive in New Jersey wanted for sex crimes against children in Israel",2026-04-29,2026-04-29,2026,2026-04,0,Newark,NJ,United States,['Child Exploitation'],1,False,True,True,266,5,0,accepted,[]
8d443a9b692ebbfee311,https://www.ice.gov/news/releases/hsis-operation-crazy-train-continues-dismantle-tren-de-aragua-following-superseding,HSI’s Operation Crazy Train continues to dismantle Tren De Aragua following superseding RICO indictments,2026-02-24,2026-02-24,2026,2026-02,0,New York,NY,United States,['Transnational Gangs'],1,True,True,True,515,17,0,accepted,[]
c25d642f61c85e6bb1a8,https://www.ice.gov/news/releases/hstf-apprehends-labor-recruiter-california-alleged-worker-exploitation-visa-fraud,HSTF apprehends labor recruiter in California for alleged worker exploitation in visa fraud scheme,2025-11-17,2025-11-17,2025,2025-11,0,Los Angeles,CA,United States,"['Human Smuggling/Trafficking', 'Worksite Enforcement']",2,False,True,True,372,9,0,accepted,[]
b5b131e361dd4b335e6a,https://www.ice.gov/news/releases/human-smuggling-coordinator-sentenced-following-ice-arizona-law-enforcement-partner,"Human smuggling coordinator sentenced following ICE Arizona, law enforcement partner investigation",2025-04-03,2025-04-03,2025,2025-04,0,Phoenix,AZ,United States,['Human Smuggling/Trafficking'],1,False,False,True,328,6,0,accepted,[]
83fe1aa045fd0640f65c,https://www.ice.gov/news/releases/ice-acting-director-todd-m-lyons-statement-regarding-us-attorneys-support,ICE acting Director Todd M. Lyons’ statement regarding US attorney’s support in Massachusetts,2025-05-15,2025-05-15,2025,2025-05,0,Washington,DC,United States,['Statement'],1,False,False,False,88,1,0,accepted,[]
231ff3d752e0d8a0f88b,https://www.ice.gov/news/releases/ice-aids-investigation-leading-conviction-3-ms-13-gang-members,ICE aids in investigation leading to conviction of 3 MS-13 gang members,2025-09-28,2025-09-29,2025,2025-09,1,Baltimore,MD,United States,['Transnational Gangs'],1,True,True,True,189,3,0,accepted,[]
7385d0c999c5d94713e0,https://www.ice.gov/news/releases/ice-and-fbi-arrest-cincinnati-man-terroristic-threats-against-ice-agents,ICE and FBI arrest Cincinnati man for terroristic threats against ICE agents,2025-07-22,2025-07-22,2025,2025-07,0,Cincinnati,OH,United States,['Law Enforcement'],1,False,True,True,437,11,0,accepted,[]
538d39cd092cf8f4dd11,https://www.ice.gov/news/releases/ice-and-fbi-arrest-criminal-illegal-alien-and-ms-13-gang-member-wanted-el-salvador,ICE and FBI arrest criminal illegal alien and MS-13 gang member wanted in El Salvador for murder and drug trafficking,2026-04-21,2026-04-21,2026,2026-04,0,New York,NY,United States,['Enforcement and Removal'],1,True,True,True,388,7,0,accepted,[]
aed1b06a1824a55b2108,https://www.ice.gov/news/releases/ice-and-federal-partners-arrest-17-illegal-aliens-during-worksite-inspection,"ICE and federal partners arrest 17 illegal aliens during worksite inspection in Bethlehem, Pa.",2025-06-20,2025-06-20,2025,2025-06,0,Bethlehem,PA,United States,['Enforcement and Removal'],1,False,True,True,281,6,0,accepted,[]
113e15cda8e5189a624d,https://www.ice.gov/news/releases/ice-and-mount-pleasant-police-arrest-childcare-worker-seeks-publics-help-identify,"ICE and Mount Pleasant Police arrest childcare worker, seeks public's help to identify victims",2025-02-24,2025-02-25,2025,2025-02,1,Charleston,SC,United States,"['Child Exploitation', 'Enforcement and Removal']",2,False,False,True,325,5,0,accepted,[]
98b9c5596c86c796f705,https://www.ice.gov/news/releases/ice-and-oklahoma-bolster-public-safety-states-highways-removing-34-illegal-alien,ICE and Oklahoma bolster public safety on state’s highways by removing 34 illegal alien truck drivers,2025-11-04,2025-11-04,2025,2025-11,0,Oklahoma City,OK,United States,['287g Immigration and Nationality Act'],1,True,True,True,448,8,0,accepted,[]
4969956557d0d8037996,https://www.ice.gov/news/releases/ice-and-state-florida-arrest-230-criminal-alien-sexual-predators-violent-criminals-10,"ICE and state of Florida arrest 230 criminal alien sexual predators, violent criminals in 10-day operation",2025-11-13,2026-05-08,2025,2025-11,176,Miami,FL,United States,['Enforcement and Removal'],1,True,True,True,820,16,0,accepted,[]
8c2dd1bb27b748a0fd42,https://www.ice.gov/news/releases/ice-and-us-border-patrol-assist-local-sex-crime-investigation-involving-previously,ICE and U.S. Border Patrol assist in local sex crime investigation involving previously deported illegal alien,2025-04-28,2025-06-13,2025,2025-04,46,Houghton Lake,MI,United States,['Child Exploitation'],1,False,True,True,345,10,0,accepted,[]
c562a5ca6c8a5b2069be,https://www.ice.gov/news/releases/ice-announces-death-illegal-alien-honduras-after-alien-fled-authorities,ICE announces death of illegal alien from Honduras after alien fled authorities,2025-10-29,2025-10-29,2025,2025-10,0,Washington,DC,United States,['Detainee Death Notifications'],1,False,False,True,370,8,0,accepted,[]
c1895cc92c304b990404,https://www.ice.gov/news/releases/ice-announces-death-illegal-alien-mexico-missouri-detention-facility,ICE announces death of illegal alien from Mexico in Missouri detention facility,2025-10-08,2025-10-08,2025,2025-10,0,Washington,DC,United States,['Detainee Death Notifications'],1,False,False,True,528,10,0,accepted,[]
186de851d0850926b9b9,https://www.ice.gov/news/releases/ice-announces-historic-120-manpower-increase-thanks-recruitment-campaign-brought,"ICE announces historic 120% manpower increase thanks to recruitment campaign that brought in 12,000 officers and agents",2026-01-03,2026-01-03,2026,2026-01,0,Washington,DC,United States,['Law Enforcement'],1,False,False,True,254,6,0,accepted,[]
228208fa4278410d1bc8,https://www.ice.gov/news/releases/ice-announces-major-update-global-online-child-sexual-exploitation-operation,ICE announces major update to global online child sexual exploitation operation,2025-06-24,2026-05-19,2025,2025-06,329,Washington,DC,United States,['Child Exploitation'],1,True,False,True,520,11,0,accepted,[]
66d6f8cdfadf7348fd2f,https://www.ice.gov/news/releases/ice-announces-most-successful-federal-law-enforcement-agency-recruitment-campaign,ICE announces most successful federal law enforcement agency recruitment campaign in American history,2025-12-18,2025-12-18,2025,2025-12,0,Washington,DC,United States,['Operational'],1,False,False,True,345,10,0,accepted,[]
908866b47c34218aec93,https://www.ice.gov/news/releases/ice-announces-results-targeted-enforcement-operation-nashville-area,ICE announces results of targeted enforcement operation in Nashville area,2025-05-13,2025-08-15,2025,2025-05,94,Nashville,TN,United States,['Enforcement and Removal'],1,False,True,True,442,15,0,accepted,[]
9ca837aac655f6f57e72,https://www.ice.gov/news/releases/ice-apprehends-fugitive-alien-wanted-homicide-following-prison-escape-haiti,ICE apprehends fugitive alien wanted for homicide following prison escape in Haiti,2025-03-11,2025-06-13,2025,2025-03,94,Boston,MA,United States,['Enforcement and Removal'],1,False,True,True,224,7,0,accepted,[]
f3728a76b8078b1f075e,https://www.ice.gov/news/releases/ice-apprehends-illegal-alien-ties-nicaraguan-massacre-and-mexican-drug-cartel,ICE apprehends illegal alien with ties to Nicaraguan massacre and Mexican drug cartel,2025-03-11,2025-06-13,2025,2025-03,94,Baltimore,MD,United States,['Enforcement and Removal'],1,False,True,True,286,7,0,accepted,[]
83b6e8b10db6b3995254,https://www.ice.gov/news/releases/ice-apprehends-salvadoran-illegal-alien-previously-arrested-10-times-and-charged-19,"ICE apprehends Salvadoran illegal alien previously arrested 10 times and charged with 19 crimes, including malicious shooting, unlawful wounding, use of a firearm in commission of a felony and assault and battery",2025-10-30,2025-10-30,2025,2025-10,0,Fairfax County,VA,United States,['Enforcement and Removal'],1,True,True,True,365,8,0,accepted,[]
e835cb306f8fed655080,https://www.ice.gov/news/releases/ice-apprehends-venezuelan-woman-who-fled-scene-jet-ski-accident-killed-woman-kayak,ICE apprehends Venezuelan woman who fled the scene of jet ski accident that killed woman on kayak at Lake Grapevine,2025-05-28,2025-06-13,2025,2025-05,16,Dallas,TX,United States,['Enforcement and Removal'],1,False,True,True,445,12,0,accepted,[]
1271d8f627e538103172,https://www.ice.gov/news/releases/ice-arizona-case-sends-phoenix-man-52-months-prison-alien-smuggling-resulting-death,ICE Arizona case sends Phoenix man to 52 months in prison for alien smuggling resulting in death,2025-05-13,2025-05-13,2025,2025-05,0,Sells,AZ,United States,['Human Smuggling/Trafficking'],1,False,False,True,476,6,0,accepted,[]
a2bfb9fbb01f3d1c961c,https://www.ice.gov/news/releases/ice-arizona-multiagency-case-results-nogales-man-sentenced-10-years-prison,"ICE Arizona, multiagency case results in Nogales man sentenced to 10 years in prison for methamphetamine possession, intent to distribute",2025-03-28,2025-03-28,2025,2025-03,0,Tucson,AZ,United States,['Narcotics'],1,False,False,True,243,5,0,accepted,[]
b8594006d3e4ad880488,https://www.ice.gov/news/releases/ice-arizona-multiagency-case-sends-nigerian-national-prison-international-fraud,"ICE Arizona, multiagency case sends Nigerian national to prison for international fraud scheme that defrauded elderly US victims",2025-05-07,2025-05-07,2025,2025-05,0,Tucson,AZ,United States,['Financial Crimes'],1,False,False,True,807,9,0,accepted,[]
19b5dac22e152c448498,https://www.ice.gov/news/releases/ice-arrests-100-illegal-aliens-during-targeted-enforcement-operation-tallahassee,ICE arrests 100+ illegal aliens during targeted enforcement operation in Tallahassee,2025-05-29,2025-06-13,2025,2025-05,15,Tallahassee,FL,United States,['Enforcement and Removal'],1,False,True,True,284,7,0,accepted,[]
be60431c3ff549dfc38e,https://www.ice.gov/news/releases/ice-arrests-11-illegal-aliens-during-lowell-worksite-enforcement-operation,ICE arrests 11 illegal aliens during Lowell worksite enforcement operation,2025-05-19,2025-05-19,2025,2025-05,0,Lowell,MA,United States,['Worksite Enforcement'],1,False,True,True,253,6,0,accepted,[]
722fbc5cd18f7be22cc6,https://www.ice.gov/news/releases/ice-arrests-1361-criminal-aliens-houston-area-june,"ICE arrests 1,361 criminal aliens in Houston area in June",2025-07-14,2025-08-04,2025,2025-07,21,Houston,TX,United States,['Enforcement and Removal'],1,True,True,True,455,10,0,accepted,[]
ff099c9cd90fbd033b12,https://www.ice.gov/news/releases/ice-arrests-2-criminal-illegal-aliens-convicted-endangering-children,ICE arrests 2 criminal illegal aliens convicted of endangering children,2025-12-01,2025-12-08,2025,2025-12,7,Washington,DC,United States,['Enforcement and Removal'],1,False,True,True,344,6,0,accepted,[]
3117deb10b1ef6242994,https://www.ice.gov/news/releases/ice-arrests-20-illegal-aliens-during-worksite-inspection-new-jersey,ICE arrests 20 illegal aliens during worksite inspection in New Jersey,2025-07-09,2025-07-14,2025,2025-07,5,Newark,NJ,United States,['Worksite Enforcement'],1,False,False,True,203,5,0,accepted,[]
d1ec73646a0a9c0a85e3,https://www.ice.gov/news/releases/ice-arrests-223-illegal-aliens-along-northwest-indiana-highways,ICE arrests 223 illegal aliens along northwest Indiana highways,2025-10-30,2025-10-30,2025,2025-10,0,Washington,DC,United States,['Enforcement and Removal'],1,False,True,True,374,7,0,accepted,[]
40d2ea8350bd22c34b83,https://www.ice.gov/news/releases/ice-arrests-243-illegal-aliens-denver-metro-area,ICE arrests 243 illegal aliens in Denver metro area,2025-07-23,2025-07-23,2025,2025-07,0,Denver,CO,United States,['Enforcement and Removal'],1,True,True,True,615,46,0,accepted,[]
22b7c3af61f1fdfc91f5,https://www.ice.gov/news/releases/ice-arrests-3-criminal-illegal-alien-killers-florida-and-violent-criminal-illegal,ICE arrests 3 criminal illegal alien killers in Florida and a violent criminal illegal alien felon in Florida operation,2026-01-20,2026-01-20,2026,2026-01,0,Miami,FL,United States,['Enforcement and Removal'],1,False,True,True,324,10,0,accepted,[]
246685b3b19c4b1696d0,https://www.ice.gov/news/releases/ice-arrests-31-illegal-aliens-3-charged-criminal-activity,"ICE arrests 31 illegal aliens, 3 charged for criminal activity",2025-03-18,2025-06-13,2025,2025-03,87,San Juan,PR,United States,['Enforcement and Removal'],1,False,False,True,222,7,0,accepted,[]
17ed8182c325b45d9c78,https://www.ice.gov/news/releases/ice-arrests-32-illegal-aliens-palm-beach-county-enforcement-action,ICE arrests 32 illegal aliens in Palm Beach County enforcement action,2025-02-03,2025-02-12,2025,2025-02,9,Tampa,FL,United States,['Enforcement and Removal'],1,False,True,True,238,8,0,accepted,[]
fec7f6365d8623e9eba9,https://www.ice.gov/news/releases/ice-arrests-4-during-worksite-enforcement-action-philadelphia,ICE arrests 4 during worksite enforcement action in Philadelphia,2025-03-06,2025-06-13,2025,2025-03,99,Philadelphia,PA,United States,['Worksite Enforcement'],1,False,True,True,327,6,0,accepted,[]
2f2d0117f5e9b669a520,https://www.ice.gov/news/releases/ice-arrests-4-illegal-aliens-during-random-worksite-enforcement-outreach-d-hand-car,ICE arrests 4 illegal aliens during random worksite enforcement outreach at D-Hand Car Wash in Connecticut,2025-06-12,2025-06-12,2025,2025-06,0,Southington,CT,United States,['Worksite Enforcement'],1,False,True,True,219,4,0,accepted,[]
2a64a8ba8131528dfa2a,https://www.ice.gov/news/releases/ice-arrests-44-criminal-aliens-during-week-long-multi-agency-operation,ICE arrests 44 criminal aliens during week-long multi-agency operation,2025-04-16,2025-04-16,2025,2025-04,0,Laredo,TX,United States,['Enforcement and Removal'],1,False,True,True,388,23,0,accepted,[]
85c74ffd8c644235b850,https://www.ice.gov/news/releases/ice-arrests-53-illegal-aliens-local-san-juan-hotel-construction-worksite,ICE arrests 53 illegal aliens at local San Juan hotel construction worksite,2025-05-13,2025-06-13,2025,2025-05,31,San Juan,PR,United States,['Worksite Enforcement'],1,False,False,True,242,6,0,accepted,[]
892e436d7e102148f902,https://www.ice.gov/news/releases/ice-arrests-543-criminal-aliens-7-gang-members-houston-area-during-week-long-multi,"ICE arrests 543 criminal aliens, 7 gang members in Houston area during week-long multi-agency operation",2025-03-10,2025-08-08,2025,2025-03,151,Houston,TX,United States,"['Transnational Gangs', 'Enforcement and Removal']",2,False,True,True,505,11,0,accepted,[]
1b8da4b58d19e21e9209,https://www.ice.gov/news/releases/ice-arrests-6-illegal-aliens-houston-who-account-48-criminal-convictions-42-illegal,"ICE arrests 6 illegal aliens in Houston who account for 48 criminal convictions, 42 illegal entries",2025-08-05,2025-08-05,2025,2025-08,0,Houston,TX,United States,['Enforcement and Removal'],1,False,True,True,485,11,0,accepted,[]
d8d403387acaa9443df9,https://www.ice.gov/news/releases/ice-arrests-650-illegal-aliens-west-virginia,ICE arrests 650 illegal aliens in West Virginia,2026-01-30,2026-01-30,2026,2026-01,0,Philadelphia,PA,United States,['Enforcement and Removal'],1,True,True,True,707,13,0,accepted,[]
42e2f2da45ec078fbad8,https://www.ice.gov/news/releases/ice-arrests-72-criminal-aliens-during-week-long-multi-agency-operation-rio-grande,ICE arrests 72 criminal aliens during week-long multi-agency operation in the Rio Grande Valley,2025-03-27,2025-03-27,2025,2025-03,0,Harlingen,TX,United States,"['Enforcement and Removal', 'Law Enforcement']",2,False,True,True,480,16,0,accepted,[]
dbe7cbabb2850922e60b,https://www.ice.gov/news/releases/ice-arrests-81-illegal-aliens-part-joint-federal-law-enforcement-operation-kentucky,"ICE arrests 81 illegal aliens as part of joint federal law enforcement operation in Kentucky, of which 25 also charged with felony criminal offenses",2025-03-18,2025-06-13,2025,2025-03,87,Louisville,KY,United States,['Enforcement and Removal'],1,False,True,True,427,15,0,accepted,[]
3045b777b5cc6abe64a0,https://www.ice.gov/news/releases/ice-arrests-9-chilean-nationals-linked-south-american-theft-group-new-jersey,ICE arrests 9 Chilean nationals linked to South American Theft Group in New Jersey,2025-09-29,2025-09-29,2025,2025-09,0,Newark,NJ,United States,['Enforcement and Removal'],1,False,False,True,378,12,0,accepted,[]
60e99db03f6026918d87,https://www.ice.gov/news/releases/ice-arrests-9-houston-area-criminal-aliens-past-week-convicted-or-charged-sex,ICE arrests 9 Houston area criminal aliens in past week convicted or charged with sex offenses,2025-03-05,2025-06-13,2025,2025-03,100,Houston,TX,United States,['Child Exploitation'],1,False,False,True,403,14,0,accepted,[]
d8b029561afd1e6b0df1,https://www.ice.gov/news/releases/ice-arrests-9-illegal-alien-sex-offenders-major-california-operation,ICE arrests 9 illegal alien sex offenders in major California operation,2026-03-12,2026-03-12,2026,2026-03,0,Los Angeles,CA,United States,['Enforcement and Removal'],1,True,True,True,642,14,0,accepted,[]
cc5ced7c5ffc718577ef,https://www.ice.gov/news/releases/ice-arrests-9-illegal-aliens-and-seizes-drugs-scammed-gift-cards-underground,"ICE arrests 9 illegal aliens and seizes drugs, scammed gift cards at underground nightclub in California",2025-08-18,2025-08-18,2025,2025-08,0,Los Angeles,CA,United States,['Financial Crimes'],1,True,True,True,257,5,0,accepted,[]
27bc13a747a19837c1a8,https://www.ice.gov/news/releases/ice-arrests-accused-child-rapist-state-college,ICE arrests accused child rapist in State College,2025-03-20,2025-06-13,2025,2025-03,85,Philadelphia,PA,United States,['Enforcement and Removal'],1,False,True,True,270,8,0,accepted,[]
c0bce38615ab62e50c05,https://www.ice.gov/news/releases/ice-arrests-afghani-national-convicted-assault-maryland,ICE arrests Afghani national convicted of assault in Maryland,2025-05-14,2025-06-13,2025,2025-05,30,Baltimore,MD,United States,['Enforcement and Removal'],1,False,True,True,233,7,0,accepted,[]
e27044bd43dbc001cd6a,https://www.ice.gov/news/releases/ice-arrests-alien-deported-3-times-violent-criminal-history-houston,"ICE arrests alien deported 3 times, with violent criminal history, in Houston",2025-02-07,2025-02-10,2025,2025-02,3,Houston,TX,United States,['Enforcement and Removal'],1,False,True,True,291,5,0,accepted,[]
ed06662b82aac855ad86,https://www.ice.gov/news/releases/ice-arrests-alleged-child-abuser-accused-preying-5-year-olds-puerto-rican-community,ICE arrests alleged child abuser accused of preying on 5-year-olds in Puerto Rican community,2025-09-04,2025-09-04,2025,2025-09,0,San Juan,PR,United States,['Child Exploitation'],1,False,False,True,147,4,0,accepted,[]
6591da0c595015bed6cf,https://www.ice.gov/news/releases/ice-arrests-alleged-member-cubas-ministry-interior,ICE arrests alleged member of Cuba’s Ministry of the Interior,2025-04-14,2025-06-13,2025,2025-04,60,Miami,FL,United States,['Enforcement and Removal'],1,False,False,True,281,7,0,accepted,[]
0156f829ab7115eccc23,https://www.ice.gov/news/releases/ice-arrests-another-illegal-alien-outside-northampton-county-prison-following-countys,"ICE arrests another illegal alien outside Northampton County Prison, following county’s release and failure to honor immigration detainer",2025-02-21,2025-02-24,2025,2025-02,3,Philadelphia,PA,United States,['Enforcement and Removal'],1,True,True,True,618,8,0,accepted,[]
0bec8b8bd6c8fa6c6d3f,https://www.ice.gov/news/releases/ice-arrests-brazilian-alien-charged-sex-crimes-against-massachusetts-resident,ICE arrests Brazilian alien charged with sex crimes against Massachusetts resident,2025-05-19,2025-08-15,2025,2025-05,88,Boston,MA,United States,['Enforcement and Removal'],1,False,True,True,302,11,0,accepted,[]
cfaddfce8c002a97dbba,https://www.ice.gov/news/releases/ice-arrests-brazilian-national-convicted-drug-trafficking-home-country,ICE arrests Brazilian national convicted of drug trafficking in home country,2025-03-25,2025-06-13,2025,2025-03,80,Newark,NJ,United States,['Enforcement and Removal'],1,False,True,True,168,6,0,accepted,[]
0d639be06738eb559e8b,https://www.ice.gov/news/releases/ice-arrests-brazilian-national-selling-fake-social-security-cards-and-green-cards,ICE arrests Brazilian national for selling fake Social Security cards and green cards,2025-03-25,2025-03-25,2025,2025-03,0,Boston,MA,United States,['Document and Benefit Fraud'],1,False,False,True,290,6,0,accepted,[]
64907e91a73dea7150bd,https://www.ice.gov/news/releases/ice-arrests-child-predator-charged-sexual-exploitation-2-young-girls-following,ICE arrests child predator charged with sexual exploitation of 2 young girls following investigation in Puerto Rico,2025-09-22,2026-05-19,2025,2025-09,239,San Juan,PR,United States,['Child Exploitation'],1,False,False,True,206,4,0,accepted,[]
48fa578637a6038ad0db,https://www.ice.gov/news/releases/ice-arrests-chinese-citizen-charged-sex-trafficking,ICE arrests Chinese citizen charged with sex trafficking,2025-03-06,2025-03-07,2025,2025-03,1,Portland,ME,United States,['Human Smuggling/Trafficking'],1,False,True,True,246,6,0,accepted,[]
e514154b93c7f1150c8f,https://www.ice.gov/news/releases/ice-arrests-chinese-national-convicted-illegally-acting-agent-foreign-government,ICE arrests Chinese national convicted of illegally acting as agent of foreign government,2025-03-26,2025-06-13,2025,2025-03,79,Newark,NJ,United States,['Enforcement and Removal'],1,False,True,True,164,6,0,accepted,[]
17710a0595c2da30d670,https://www.ice.gov/news/releases/ice-arrests-convicted-criminal-alien-immigration-violator-released-bond-biden,"ICE arrests convicted criminal alien, immigration violator released on bond by the Biden administration",2025-08-22,2025-08-22,2025,2025-08,0,Corpus Christi,TX,United States,['Enforcement and Removal'],1,True,True,True,431,11,0,accepted,[]
d4b6c84b800e152c514d,https://www.ice.gov/news/releases/ice-arrests-convicted-rapist-after-local-jurisdiction-fails-honor-immigration,ICE arrests convicted rapist after local jurisdiction fails to honor immigration detainer,2025-05-27,2025-06-13,2025,2025-05,17,Baltimore,MD,United States,['Enforcement and Removal'],1,False,True,True,318,9,0,accepted,[]
879fe6e093bacf3c3ba7,https://www.ice.gov/news/releases/ice-arrests-convicted-sexual-predator-who-was-allowed-roam-free-minneapolis-because,ICE arrests convicted sexual predator who was allowed to roam free in Minneapolis because of Governor Tim Walz and Mayor Jacob Frey’s sanctuary policies,2026-01-08,2026-01-08,2026,2026-01,0,Minneapolis,MN,United States,['Enforcement and Removal'],1,False,True,True,369,7,0,accepted,[]
ca1256ad3cf2af0820e8,https://www.ice.gov/news/releases/ice-arrests-criminal-alien-afghanistan-convicted-attempted-murder-assault,"ICE arrests criminal alien from Afghanistan convicted of attempted murder, assault",2026-01-12,2026-01-21,2026,2026-01,9,Buffalo,NY,United States,['Enforcement and Removal'],1,True,True,True,413,10,0,accepted,[]
4dff4ba70360672d3e79,https://www.ice.gov/news/releases/ice-arrests-criminal-alien-and-foreign-fugitive-wanted-felony-drug-trafficking-brazil,ICE arrests criminal alien and foreign fugitive wanted for felony drug trafficking in Brazil,2025-03-06,2025-06-13,2025,2025-03,99,Boston,MA,United States,['Enforcement and Removal'],1,False,True,True,245,7,0,accepted,[]
1ffd00904d8900a35cbc,https://www.ice.gov/news/releases/ice-arrests-criminal-alien-convicted-secretly-recording-others-bathroom,ICE arrests criminal alien convicted of secretly recording others in bathroom,2025-02-14,2025-06-13,2025,2025-02,119,Houston,TX,United States,['Enforcement and Removal'],1,False,True,True,161,5,0,accepted,[]
147ebffb58d5dc477ae6,https://www.ice.gov/news/releases/ice-arrests-criminal-alien-serving-des-moines-public-schools-superintendent-prior,ICE arrests criminal alien serving as Des Moines Public Schools superintendent; prior weapons charges and in possession of loaded handgun at time of arrest,2025-09-26,2025-09-29,2025,2025-09,3,Des Moines,IA,United States,['Enforcement and Removal'],1,True,True,True,316,7,0,accepted,[]
94096a9337c504f8d8a3,https://www.ice.gov/news/releases/ice-arrests-criminal-alien-wanted-indecent-assault-and-battery-other-charges-after,"ICE arrests criminal alien wanted for indecent assault and battery, other charges, after release by noncooperative jurisdiction",2025-03-07,2025-06-13,2025,2025-03,98,Boston,MA,United States,['Enforcement and Removal'],1,False,True,True,239,7,0,accepted,[]
fea1f1a477062da51928,https://www.ice.gov/news/releases/ice-arrests-criminal-illegal-alien-convicted-murder,ICE arrests criminal illegal alien convicted of murder,2025-08-27,2025-09-03,2025,2025-08,7,Jacksonville,FL,United States,['Enforcement and Removal'],1,False,True,True,284,7,0,accepted,[]
1a4b8aeb4817d2846d6a,https://www.ice.gov/news/releases/ice-arrests-criminal-illegal-alien-convicted-raping-child-multiple-other-sex-0,"ICE arrests criminal illegal alien convicted of raping a child, multiple other sex offenses in North Carolina",2026-01-14,2026-01-14,2026,2026-01,0,Washington,DC,United States,['Enforcement and Removal'],1,True,True,True,249,6,0,accepted,[]
528c372b939ae3ccc707,https://www.ice.gov/news/releases/ice-arrests-criminal-illegal-alien-mexico-convicted-child-cruelty-new-jersey,ICE arrests criminal illegal alien from Mexico convicted of child cruelty in New Jersey,2025-12-31,2025-12-31,2025,2025-12,0,Washington,DC,United States,['Enforcement and Removal'],1,False,True,True,290,6,0,accepted,[]
dc92b6b1e4b2ac76f789,https://www.ice.gov/news/releases/ice-arrests-criminal-illegal-alien-sexual-predator-final-order-removal-new-york,"ICE arrests criminal illegal alien, sexual predator with final order of removal in New York",2026-02-01,2026-02-02,2026,2026-02,1,Washington,DC,United States,['Enforcement and Removal'],1,True,True,True,196,6,0,accepted,[]
3ee9f59df1cb79aab642,https://www.ice.gov/news/releases/ice-arrests-detains-uk-citizen-upon-release-new-york-citys-metropolitan-detention,"ICE arrests, detains UK citizen upon release from New York City’s Metropolitan Detention Center for violating US immigration laws",2025-02-24,2025-06-13,2025,2025-02,109,New York,NY,United States,['Enforcement and Removal'],1,False,False,True,288,7,0,accepted,[]
90b6c1212c7a5c4547d2,https://www.ice.gov/news/releases/ice-arrests-dozens-criminal-illegal-aliens-convicted-murder-child-rape-and-more,"ICE arrests dozens of criminal illegal aliens convicted of murder, child rape and more in sanctuary state Minnesota",2026-01-10,2026-01-10,2026,2026-01,0,Washington,DC,United States,['Enforcement and Removal'],1,True,True,True,858,25,0,accepted,[]
de93d9b4b49974b1609e,https://www.ice.gov/news/releases/ice-arrests-foreign-fugitive-honduras-wanted-homicide,ICE arrests foreign fugitive from Honduras wanted for homicide,2025-07-17,2025-07-17,2025,2025-07,0,Philadelphia,PA,United States,['Enforcement and Removal'],1,False,True,True,335,10,0,accepted,[]
4ec9ead8ecac27f5eb94,https://www.ice.gov/news/releases/ice-arrests-former-cuban-intelligence-officer-allegedly-obtaining-legal-status,ICE arrests former Cuban intelligence officer for allegedly obtaining legal status through fraudulent means,2025-03-14,2025-06-13,2025,2025-03,91,Miami,FL,United States,['Document and Benefit Fraud'],1,False,True,True,189,6,0,accepted,[]
3849d8b1a85107cfe476,https://www.ice.gov/news/releases/ice-arrests-former-massachusetts-music-teacher-and-filipino-man-sexually-exploiting,ICE arrests former Massachusetts music teacher and Filipino man for sexually exploiting children,2025-05-12,2025-05-12,2025,2025-05,0,Boston,MA,United States,['Child Exploitation'],1,True,False,True,806,15,0,accepted,[]
2820ed84b462374ed288,https://www.ice.gov/news/releases/ice-arrests-guatemalan-alien-charged-girlfriends-murder-uncle-illegal-alien-charged,"ICE arrests Guatemalan alien charged with girlfriend’s murder; uncle, an illegal alien, charged with accessory",2025-04-22,2025-06-13,2025,2025-04,52,Baltimore,MD,United States,['Enforcement and Removal'],1,False,True,True,334,8,0,accepted,[]
17adb4ebc4eae039cc37,https://www.ice.gov/news/releases/ice-arrests-guatemalan-alien-charged-murder-assault-after-release-noncooperative,"ICE arrests Guatemalan alien charged with murder, assault after release by noncooperative jurisdiction",2025-04-15,2025-06-13,2025,2025-04,59,Baltimore,MD,United States,['Enforcement and Removal'],1,False,True,True,420,7,0,accepted,[]
fa2abb181412c301eab0,https://www.ice.gov/news/releases/ice-arrests-guatemalan-alien-convicted-attempted-murder,ICE arrests Guatemalan alien convicted of attempted murder,2025-04-04,2025-06-13,2025,2025-04,70,Baltimore,MD,United States,['Enforcement and Removal'],1,False,True,True,269,8,0,accepted,[]
b4bbff729cc1017db514,https://www.ice.gov/news/releases/ice-arrests-guatemalan-alien-convicted-firearm-crime-and-charged-abduction-force,"ICE arrests Guatemalan alien convicted of firearm crime and charged abduction by force, strangling Virginia woman",2025-04-29,2025-06-13,2025,2025-04,45,Chantilly,VA,United States,['Enforcement and Removal'],1,True,True,True,544,14,0,accepted,[]
f7a9845d073de63653d3,https://www.ice.gov/news/releases/ice-arrests-guatemalan-alien-convicted-multiple-crimes-massachusetts,ICE arrests Guatemalan alien convicted of multiple crimes in Massachusetts,2025-04-29,2025-06-13,2025,2025-04,45,Framingham,MA,United States,['Enforcement and Removal'],1,False,True,True,290,9,0,accepted,[]
85e6cea92331c1c8c971,https://www.ice.gov/news/releases/ice-arrests-guatemalan-illegal-alien-after-dui-conviction,ICE arrests Guatemalan illegal alien after DUI conviction,2025-02-04,2025-06-13,2025,2025-02,129,Atlanta,GA,United States,['Enforcement and Removal'],1,False,True,True,172,6,0,accepted,[]
82872a7f7bfb4aa8239c,https://www.ice.gov/news/releases/ice-arrests-guatemalan-illegal-alien-convicted-felony-breaking-and-entering-virginia,ICE arrests Guatemalan illegal alien convicted of felony breaking and entering in Virginia,2025-11-04,2025-11-04,2025,2025-11,0,Arlington,VA,United States,['Enforcement and Removal'],1,True,True,True,328,7,0,accepted,[]
d539756b3e7ec7fcc792,https://www.ice.gov/news/releases/ice-arrests-guatemalan-national-new-york-city-convicted-sexual-battery-child,ICE arrests Guatemalan national in New York City convicted of sexual battery of a child,2025-04-07,2025-06-13,2025,2025-04,67,New York,NY,United States,['Enforcement and Removal'],1,True,True,True,414,10,0,accepted,[]
4e8ffe400d0f61650026,https://www.ice.gov/news/releases/ice-arrests-haitian-engaged-violence-and-destabilization-haiti-support-department,"ICE arrests Haitian engaged in violence and destabilization of Haiti, in support of Department of State",2025-07-21,2025-08-06,2025,2025-07,16,Miami,FL,United States,['Enforcement and Removal'],1,True,True,True,314,4,0,accepted,[]
ea60714e49402ccfa806,https://www.ice.gov/news/releases/ice-arrests-honduran-alien-charged-multiple-child-abuse-crimes-connecticut,ICE arrests Honduran alien charged with multiple child abuse crimes in Connecticut,2025-05-19,2025-06-13,2025,2025-05,25,Hartford,CT,United States,['Enforcement and Removal'],1,False,True,True,366,10,0,accepted,[]
8606570cb1ad7aa88c14,https://www.ice.gov/news/releases/ice-arrests-honduran-alien-convicted-sex-offense,ICE arrests Honduran alien convicted of sex offense,2025-04-17,2025-06-13,2025,2025-04,57,Baltimore,MD,United States,['Enforcement and Removal'],1,False,True,True,239,7,0,accepted,[]
b1ed6bc3cec146d4d348,https://www.ice.gov/news/releases/ice-arrests-honduran-criminal-illegal-alien-following-head-collision-severely-injured,ICE arrests Honduran criminal illegal alien following head-on collision that severely injured Maryland woman,2025-12-10,2025-12-10,2025,2025-12,0,Baltimore,MD,United States,['Enforcement and Removal'],1,True,True,False,459,19,0,accepted,[]
a02ef262f4454671bdd3,https://www.ice.gov/news/releases/ice-arrests-illegal-alien-accused-killing-daughter-arizona,ICE arrests illegal alien accused of killing daughter in Arizona,2026-05-18,2026-05-19,2026,2026-05,1,Phoenix,AZ,United States,['Enforcement and Removal'],1,True,True,True,316,6,0,accepted,[]
02f3e1cc6c8c8b434442,https://www.ice.gov/news/releases/ice-arrests-illegal-alien-attempting-buy-firearm,ICE arrests illegal alien attempting to buy a firearm,2025-02-21,2025-06-13,2025,2025-02,112,Baton Rouge,LA,United States,['Enforcement and Removal'],1,False,True,True,206,6,0,accepted,[]
5a4f887d987c2507c310,https://www.ice.gov/news/releases/ice-arrests-illegal-alien-convicted-murder-new-york,ICE arrests illegal alien convicted of murder in New York,2025-04-28,2025-06-13,2025,2025-04,46,Buffalo,NY,United States,['Enforcement and Removal'],1,False,True,True,156,5,0,accepted,[]
ae08142b71dc98e214ba,https://www.ice.gov/news/releases/ice-arrests-illegal-alien-haiti-connected-criminal-terrorist-organizations,ICE arrests illegal alien from Haiti connected to criminal terrorist organizations,2025-09-25,2025-09-25,2025,2025-09,0,Miami,FL,United States,"['Enforcement and Removal', 'Law Enforcement', 'National Security']",3,True,True,True,151,4,0,accepted,[]
d10415b4ce9f91320fde,https://www.ice.gov/news/releases/ice-arrests-illegal-alien-previous-drug-trafficking-conviction,ICE arrests illegal alien with previous drug trafficking conviction,2025-03-13,2025-06-13,2025,2025-03,92,Philadelphia,PA,United States,['Enforcement and Removal'],1,False,True,True,303,7,0,accepted,[]
e99f844f9f771d66a254,https://www.ice.gov/news/releases/ice-arrests-illegal-alien-serving-local-police-officer-after-attempting-unlawfully,ICE arrests illegal alien serving as a local police officer after attempting to unlawfully purchase firearm in Maine,2025-07-28,2025-07-31,2025,2025-07,3,Biddeford,ME,United States,['Enforcement and Removal'],1,True,True,True,367,8,0,accepted,[]
695728d74f3e1f6bc163,https://www.ice.gov/news/releases/ice-arrests-illegal-alien-serving-local-police-officer-suburban-chicago,ICE arrests illegal alien serving as a local police officer in Suburban Chicago,2025-10-16,2025-10-16,2025,2025-10,0,Chicago,IL,United States,['Enforcement and Removal'],1,True,True,True,245,4,0,accepted,[]
87774d022f76b98afda6,https://www.ice.gov/news/releases/ice-arrests-illegal-guatemalan-alien-charged-sex-crime-against-massachusetts-child,ICE arrests illegal Guatemalan alien charged with sex crime against Massachusetts child,2025-05-06,2025-06-13,2025,2025-05,38,Worcester,MA,United States,['Enforcement and Removal'],1,True,True,True,340,9,0,accepted,[]
78536ad6ba1d8f173903,https://www.ice.gov/news/releases/ice-arrests-illegal-guatemalan-national-charged-assaulting-police-officer,ICE arrests illegal Guatemalan national charged with assaulting police officer in Massachusetts,2025-04-25,2025-06-13,2025,2025-04,49,Chelsea,MA,United States,['Enforcement and Removal'],1,True,True,True,283,8,0,accepted,[]
6c97cee32050522c40a1,https://www.ice.gov/news/releases/ice-arrests-illegal-mexican-national-involved-2014-vehicular-homicide-13-year-old,ICE arrests illegal Mexican national involved in 2014 vehicular homicide of 13-year-old girl,2025-03-28,2025-06-13,2025,2025-03,77,Dallas,TX,United States,['Enforcement and Removal'],1,False,True,True,276,7,0,accepted,[]
25ab2b877df55216a974,https://www.ice.gov/news/releases/ice-arrests-illegally-present-guatemalan-national-assaulting-federal-agent,ICE arrests illegally present Guatemalan national for assaulting a federal agent,2025-05-19,2025-05-19,2025,2025-05,0,Providence,RI,United States,['Enforcement and Removal'],1,False,False,True,363,7,0,accepted,[]
24ba6df1d70ccbafae47,https://www.ice.gov/news/releases/ice-arrests-illegally-present-salvadoran-alien-maryland-after-detainer-not-honored,ICE arrests illegally present Salvadoran alien in Maryland after detainer not honored by local authorities,2025-04-25,2025-06-13,2025,2025-04,49,Baltimore,MD,United States,['Enforcement and Removal'],1,False,True,True,422,11,0,accepted,[]
8bca203f6bb1cca0d40f,https://www.ice.gov/news/releases/ice-arrests-mexican-national-convicted-twice-felony-dwi-new-york,ICE arrests Mexican national convicted twice for felony DWI in New York,2025-06-13,2025-06-17,2025,2025-06,4,Buffalo,NY,United States,['Enforcement and Removal'],1,True,True,True,627,15,0,accepted,[]
3337bda24175957d0266,https://www.ice.gov/news/releases/ice-arrests-military-deserter-lebanon,ICE arrests military deserter from Lebanon,2025-04-14,2025-06-13,2025,2025-04,60,Dallas,TX,United States,['Enforcement and Removal'],1,False,True,True,138,5,0,accepted,[]
0e376e8d505f2bef7014,https://www.ice.gov/news/releases/ice-arrests-ms-13-gang-member-iowa,ICE arrests MS-13 gang member in Iowa,2025-02-28,2025-06-13,2025,2025-02,105,Minneapolis,MN,United States,['Enforcement and Removal'],1,False,True,True,180,4,0,accepted,[]
2ff848a59c3b6e59fc2c,https://www.ice.gov/news/releases/ice-arrests-ms-13-gang-member-previously-removed-us-4-times,ICE arrests MS-13 gang member previously removed from the US 4 times,2025-05-30,2025-06-18,2025,2025-05,19,Baltimore,MD,United States,['Enforcement and Removal'],1,False,True,True,374,11,0,accepted,[]
61d2b83685d6f00b0289,https://www.ice.gov/news/releases/ice-arrests-ms-13-member-long-salvadoran-rap-sheet-through-local-police-partnership,ICE arrests MS-13 member with long Salvadoran rap sheet through local police partnership in Kentucky,2025-10-28,2025-10-28,2025,2025-10,0,Washington,DC,United States,['287g Immigration and Nationality Act'],1,True,True,True,379,14,0,accepted,[]
f5d14a89a34d10a2be83,https://www.ice.gov/news/releases/ice-arrests-one-el-salvadors-top-100-most-wanted-hiding-nebraska,ICE arrests one of El Salvador’s “Top 100 Most Wanted” hiding in Nebraska,2025-07-09,2025-08-14,2025,2025-07,36,Omaha,NE,United States,['Transnational Gangs'],1,True,True,True,321,10,0,accepted,[]
8962be9fb3e8c552baf5,https://www.ice.gov/news/releases/ice-arrests-over-1k-illegal-workers-proposes-1m-fines,"ICE arrests over 1K illegal workers, proposes $1M in fines",2025-04-15,2025-04-16,2025,2025-04,1,Washington,DC,United States,['Worksite Enforcement'],1,False,False,True,391,11,0,accepted,[]
f09e10188b4f7ed9bca9,https://www.ice.gov/news/releases/ice-arrests-over-200-illegal-alien-child-sex-offenders-houston-area-past-6-months,ICE arrests over 200 illegal alien child sex offenders in Houston area in past 6 months,2025-07-28,2025-08-04,2025,2025-07,7,Houston,TX,United States,['Enforcement and Removal'],1,True,True,True,630,12,0,accepted,[]
60aa33732e34ab72c38c,https://www.ice.gov/news/releases/ice-arrests-previously-deported-mexican-national-okla-convicted-homicide-his-own,"ICE arrests previously deported Mexican national in Okla., convicted of the homicide of his own child",2025-04-07,2025-06-13,2025,2025-04,67,Dallas,TX,United States,['Enforcement and Removal'],1,False,True,True,241,9,0,accepted,[]
95001fc62b7c7420eeb0,https://www.ice.gov/news/releases/ice-arrests-previously-deported-sureno-gang-member-lengthy-criminal-history,ICE arrests previously deported Sureño gang member with lengthy criminal history,2025-09-16,2025-09-18,2025,2025-09,2,McAllen,TX,United States,['Transnational Gangs'],1,True,True,True,424,8,0,accepted,[]
75b2a87cda45f0e8c532,https://www.ice.gov/news/releases/ice-arrests-removes-dominican-alien-charged-drug-crimes-assaulting-police-officer,"ICE arrests, removes Dominican alien charged with drug crimes, assaulting a police officer in Massachusetts",2025-04-24,2025-06-13,2025,2025-04,50,Boston,MA,United States,['Enforcement and Removal'],1,False,True,True,277,10,0,accepted,[]
ce730562a43268fe138b,https://www.ice.gov/news/releases/ice-arrests-russian-national-smuggling-biological-material-boston,ICE arrests Russian national smuggling biological material into Boston,2025-05-15,2025-05-15,2025,2025-05,0,Boston,MA,United States,"['Contraband', 'National Security']",2,False,False,True,701,14,0,accepted,[]
bb1d7c2e34ac7e7542dd,https://www.ice.gov/news/releases/ice-arrests-salem-emt-child-pornography-offenses,ICE arrests Salem EMT for child pornography offenses,2025-08-08,2025-08-11,2025,2025-08,3,Boston,MA,United States,"['Child Exploitation', 'Cyber Crimes']",2,False,False,True,180,4,0,accepted,[]
0f2422aaa054acdd8ea9,https://www.ice.gov/news/releases/ice-arrests-salvadorian-illegal-alien-after-kidnapping-and-robbery-conviction,ICE arrests Salvadorian illegal alien after kidnapping and robbery conviction,2025-02-04,2025-06-13,2025,2025-02,129,New Orleans,LA,United States,['Enforcement and Removal'],1,False,False,True,197,5,0,accepted,[]
f9345b94e04ab80eb327,https://www.ice.gov/news/releases/ice-arrests-santa-claus-impersonator-child-sexual-abuse-material,ICE arrests Santa Claus impersonator for child sexual abuse material,2025-12-22,2025-12-22,2025,2025-12,0,Newark,NJ,United States,['Child Exploitation'],1,True,False,True,391,9,0,accepted,[]
64ba8684aa2922f63971,https://www.ice.gov/news/releases/ice-arrests-serial-criminal-alien-convicted-child-sex-crimes-virginia,ICE arrests serial criminal alien convicted of child sex crimes in Virginia,2025-10-10,2025-10-14,2025,2025-10,4,Charlottesville,VA,United States,['Enforcement and Removal'],1,True,True,True,501,10,0,accepted,[]
1b3964cd9f1d0a337d15,https://www.ice.gov/news/releases/ice-arrests-sexual-predators-who-victimized-children-across-nation,ICE arrests sexual predators who victimized children across the nation,2025-05-14,2025-06-13,2025,2025-05,30,Washington,DC,United States,"['Child Exploitation', 'National Security']",2,False,True,True,501,11,0,accepted,[]
9c48a72a6d3aaeec675b,https://www.ice.gov/news/releases/ice-arrests-suspected-ms-13-gang-member-convicted-robbery-attempt-new-york,ICE arrests suspected MS-13 gang member convicted of robbery attempt in New York,2026-05-18,2026-05-18,2026,2026-05,0,Washington,DC,United States,['Enforcement and Removal'],1,False,True,True,215,6,0,accepted,[]
7e1f3836f96833204732,https://www.ice.gov/news/releases/ice-arrests-suspected-tren-de-aragua-member-history-sexual-harassment,ICE arrests suspected Tren de Aragua member with history of sexual harassment,2025-02-01,2025-06-13,2025,2025-02,132,Philadelphia,PA,United States,['Enforcement and Removal'],1,False,True,True,336,8,0,accepted,[]
54de3f6adba185304346,https://www.ice.gov/news/releases/ice-arrests-tajikistan-born-russian-national-foreign-fugitive-suspected-being-member,ICE arrests Tajikistan-born Russian national as a foreign fugitive suspected of being a member of the Al-Qaeda terrorist organization,2025-06-03,2025-08-15,2025,2025-06,73,Philadelphia,PA,United States,['Enforcement and Removal'],1,False,True,True,276,8,0,accepted,[]
852793907693916b3388,https://www.ice.gov/news/releases/ice-arrests-tda-gang-member-suspected-chicago-mass-shooting,ICE arrests TdA gang member suspected in Chicago mass shooting,2025-02-12,2025-06-13,2025,2025-02,121,Raleigh,NC,United States,"['Transnational Gangs', 'Enforcement and Removal']",2,False,False,True,207,6,0,accepted,[]
97547002f3ce9afc6116,https://www.ice.gov/news/releases/ice-arrests-tony-playboy-1989-little-saigon-sandwich-shop-shootout-fugitive,"ICE arrests Tony Playboy, the 1989 Little Saigon sandwich shop shootout fugitive spotlighted on ‘America’s Most Wanted'",2026-04-28,2026-04-28,2026,2026-04,0,Houston,TX,United States,['Enforcement and Removal'],1,True,True,True,484,9,0,accepted,[]
c8817e235e0ab0d2c808,https://www.ice.gov/news/releases/ice-arrests-tren-de-aragua-gang-member-illegally-residing-houston-area,ICE arrests Tren de Aragua gang member illegally residing in Houston area,2025-04-09,2025-08-26,2025,2025-04,139,Houston,TX,United States,"['Transnational Gangs', 'Enforcement and Removal']",2,False,True,True,309,6,0,accepted,[]
00d753b35739017e6e83,https://www.ice.gov/news/releases/ice-arrests-tren-de-aragua-gang-member-venezuelan-fugitive-wanted-weapons-charges,"ICE arrests Tren de Aragua gang member, Venezuelan fugitive wanted on weapons charges",2025-08-22,2025-08-28,2025,2025-08,6,Albuquerque,NM,United States,['Enforcement and Removal'],1,False,True,True,285,5,0,accepted,[]
e04bb9e86e24e38b8aa2,https://www.ice.gov/news/releases/ice-arrests-twice-convicted-drunk-driving-illegal-alien-whos-been-hiding-california,"ICE arrests twice-convicted, drunk-driving illegal alien who’s been hiding in California for over 20 years",2025-08-20,2025-08-21,2025,2025-08,1,Washington,DC,United States,['Enforcement and Removal'],1,True,True,True,503,11,0,accepted,[]
c1956ccc54af5f82dfb5,https://www.ice.gov/news/releases/ice-arrests-venezuelan-fugitive-wanted-attempting-kill-innocent-woman-during-violent,ICE arrests Venezuelan fugitive wanted for attempting to kill an innocent woman during violent Russian roulette-style attack,2025-08-25,2025-08-25,2025,2025-08,0,Dallas,TX,United States,['Enforcement and Removal'],1,False,True,True,339,5,0,accepted,[]
b5bd1843aebe48d66b6b,https://www.ice.gov/news/releases/ice-arrests-violent-criminal-alien-after-sanctuary-jurisdiction-released-him-despite,ICE arrests violent criminal alien after sanctuary jurisdiction released him despite immigration detainer,2026-02-06,2026-02-06,2026,2026-02,0,Baltimore,MD,United States,['Enforcement and Removal'],1,True,True,True,294,6,0,accepted,[]
fc5bd125418315452b02,https://www.ice.gov/news/releases/ice-arrests-violent-criminal-alien-outside-northampton-prison-without-cooperation,ICE arrests violent criminal alien outside Northampton Prison without cooperation from prison officials,2025-03-05,2025-06-13,2025,2025-03,100,Philadelphia,PA,United States,['Enforcement and Removal'],1,False,True,True,394,6,0,accepted,[]
e557c24a7c21790b8bc8,https://www.ice.gov/news/releases/ice-arrests-violent-criminal-alien-who-shouted-allahu-akbar-grabbed-officers-service,"ICE arrests violent criminal alien who shouted 'Allahu Akbar,' grabbed officer’s service weapon in failed attempt to prevent apprehension",2025-11-18,2025-11-18,2025,2025-11,0,Buffalo,NY,United States,['Enforcement and Removal'],1,True,True,True,451,7,0,accepted,[]
9e4b655b81fddd7370dd,https://www.ice.gov/news/releases/ice-arrests-violent-criminal-illegal-alien-who-murdered-toddler-wisconsin,ICE arrests violent criminal illegal alien who murdered a toddler in Wisconsin,2026-02-25,2026-03-06,2026,2026-02,9,Washington,DC,United States,['Enforcement and Removal'],1,True,True,True,383,7,0,accepted,[]
c9192c05876496d606e8,https://www.ice.gov/news/releases/ice-arrests-violent-criminal-salvadoran-alien-northern-virginia,ICE arrests violent criminal Salvadoran alien in Northern Virginia,2025-10-29,2025-10-29,2025,2025-10,0,Arlington,VA,United States,['Enforcement and Removal'],1,True,True,True,312,7,0,accepted,[]
2dfdbc94ad2359709727,https://www.ice.gov/news/releases/ice-arrests-violent-gang-member-guilty-murder-after-maximum-security-prison-releases,ICE arrests violent gang member guilty of murder after maximum security prison releases him outside Chicago,2025-09-16,2025-09-16,2025,2025-09,0,Washington,DC,United States,['Enforcement and Removal'],1,True,True,True,408,7,0,accepted,[]
633599552b82122c9237,https://www.ice.gov/news/releases/ice-asks-north-carolina-jail-turn-over-illegal-alien-child-sex-predator,ICE asks North Carolina jail to turn over illegal alien child sex predator,2026-04-30,2026-04-30,2026,2026-04,0,High Point,NC,United States,['Enforcement and Removal'],1,True,True,True,264,5,0,accepted,[]
142f97f9c26e992520d1,https://www.ice.gov/news/releases/ice-assists-fayetteville-police-department-arrest-alien-charged-3-murders,ICE assists Fayetteville Police Department with arrest of an alien charged with 3 murders,2025-02-25,2025-06-13,2025,2025-02,108,Fayetteville,NC,United States,['Enforcement and Removal'],1,False,False,True,159,5,0,accepted,[]
23161d89b809400c9abf,https://www.ice.gov/news/releases/ice-atf-capture-fugitive-wanted-murder-caribbean,"ICE, ATF capture fugitive wanted for murder in the Caribbean",2025-04-14,2025-04-14,2025,2025-04,0,Savannah,GA,United States,"['Firearms, Ammunition and Explosives', 'Enforcement and Removal']",2,False,False,True,387,7,0,accepted,[]
efecd60863222435ba71,https://www.ice.gov/news/releases/ice-atlanta-announces-results-multiagency-operations-across-georgia,ICE Atlanta announces results of multiagency operations across Georgia,2025-04-08,2025-06-13,2025,2025-04,66,Atlanta,GA,United States,['National Security'],1,False,False,True,587,13,0,accepted,[]
355a6e2a370f3b094305,https://www.ice.gov/news/releases/ice-atlanta-unveils-results-labor-trafficking-operation,ICE Atlanta unveils results of labor trafficking operation,2025-04-04,2025-06-13,2025,2025-04,70,Atlanta,GA,United States,['Worksite Enforcement'],1,False,False,True,258,6,0,accepted,[]
37aad13f6d2003550c28,https://www.ice.gov/news/releases/ice-atlanta-worksite-enforcement-operation-results-illegal-alien-arrests-2,"ICE Atlanta worksite enforcement operation results in illegal alien arrests, 2 unaccompanied minors found",2025-05-20,2025-06-13,2025,2025-05,24,Mobile,AL,United States,['Worksite Enforcement'],1,False,False,True,216,6,0,accepted,[]
52d71627ce875a9bdd31,https://www.ice.gov/news/releases/ice-atmebt-fraud-operation-yields-15-arrests-orange-county,ICE ATM/EBT fraud operation yields 15 arrests in Orange County,2025-03-06,2025-06-13,2025,2025-03,99,Los Angeles,CA,United States,['Financial Crimes'],1,False,True,True,335,6,0,accepted,[]
caccd355f7f3ea33ab61,https://www.ice.gov/news/releases/ice-awards-floridas-state-and-local-law-enforcement-287g-funds-defend-homeland,ICE awards Florida’s state and local law enforcement with 287(g) funds to defend the homeland,2025-09-26,2025-09-26,2025,2025-09,0,Tallahassee,FL,United States,['287g Immigration and Nationality Act'],1,False,False,True,507,19,0,accepted,[]
2ff60d19b92db4915ae5,https://www.ice.gov/news/releases/ice-baltimore-arrests-guatemalan-alien-deadly-weapons-charges,ICE Baltimore arrests Guatemalan alien with deadly weapons charges,2025-02-04,2025-06-13,2025,2025-02,129,Baltimore,MD,United States,['Enforcement and Removal'],1,False,True,True,533,11,0,accepted,[]
64963e6c4e6b15eaecac,https://www.ice.gov/news/releases/ice-baltimore-arrests-salvadoran-ms-13-member-weapons-conviction-maryland,ICE Baltimore arrests Salvadoran MS-13 member with weapons conviction in Maryland,2025-02-07,2025-06-13,2025,2025-02,126,Baltimore,MD,United States,['Enforcement and Removal'],1,False,True,True,258,7,0,accepted,[]
6bdf2e147de6366cd08b,https://www.ice.gov/news/releases/ice-baltimore-arrests-uzbekistani-man-convicted-sex-offense-maryland,ICE Baltimore arrests Uzbekistani man convicted of sex offense in Maryland,2025-02-11,2025-02-11,2025,2025-02,0,Baltimore,MD,United States,['Enforcement and Removal'],1,False,True,True,233,7,0,accepted,[]
8303c4f65459b7629cad,https://www.ice.gov/news/releases/ice-baltimore-investigation-leads-decade-long-prison-sentence-prince-georges-county,ICE Baltimore investigation leads to decade-long prison sentence for Prince George’s County man convicted of drug conspiracy,2025-07-01,2025-07-01,2025,2025-07,0,Baltimore,MD,United States,['Narcotics'],1,False,False,True,441,9,0,accepted,[]
928db0b938222332a5f2,https://www.ice.gov/news/releases/ice-baltimore-investigation-leads-sentencing-maryland-man-convicted-visa-fraud,ICE Baltimore investigation leads to sentencing of Maryland man convicted of visa fraud,2025-06-04,2025-06-04,2025,2025-06,0,Baltimore,MD,United States,['Document and Benefit Fraud'],1,False,False,True,421,9,0,accepted,[]
0af88d58e6d7a9ba3bf2,https://www.ice.gov/news/releases/ice-boston-arrest-leads-conviction-alien-who-illegally-reentered-us-after-deportation,ICE Boston arrest leads to conviction for alien who illegally reentered US after deportation,2025-07-17,2025-07-22,2025,2025-07,5,Boston,MA,United States,['Enforcement and Removal'],1,True,True,True,297,9,0,accepted,[]
924538b81e940395bab8,https://www.ice.gov/news/releases/ice-boston-arrest-leads-federal-charge-brazilian-alien-who-re-entered-us-after,ICE Boston arrest leads to federal charge for Brazilian alien who re-entered US after removal,2025-06-18,2025-06-18,2025,2025-06,0,Boston,MA,United States,['Enforcement and Removal'],1,False,True,True,266,8,0,accepted,[]
cc94767676c66b3d18c9,https://www.ice.gov/news/releases/ice-boston-arrest-leads-federal-charge-dominican-alien,ICE Boston arrest leads to federal charge for Dominican alien,2025-07-11,2025-07-11,2025,2025-07,0,Boston,MA,United States,['Enforcement and Removal'],1,False,True,True,269,8,0,accepted,[]
94c4179e6f47161ad836,https://www.ice.gov/news/releases/ice-boston-arrest-leads-federal-charges-salvadoran-alien-illegally-residing,ICE Boston arrest leads to federal charges for Salvadoran alien illegally residing in Massachusetts after deportation,2025-06-25,2025-06-25,2025,2025-06,0,Boston,MA,United States,['Enforcement and Removal'],1,False,True,True,266,8,0,accepted,[]
6f046aa14f52effcfd69,https://www.ice.gov/news/releases/ice-boston-arrest-leads-indictment-dominican-alien-who-apparently-illegally-re,ICE Boston arrest leads to indictment for Dominican alien who apparently illegally re-entered the US,2025-06-16,2025-06-16,2025,2025-06,0,Boston,MA,United States,['Enforcement and Removal'],1,True,True,True,223,6,0,accepted,[]
15df35650b1542aceb52,https://www.ice.gov/news/releases/ice-boston-arrest-results-conviction-dominican-alien-who-illegally-reentered-us-after,ICE Boston arrest results in conviction for Dominican alien who illegally reentered US after deportation,2025-07-20,2025-07-20,2025,2025-07,0,Boston,MA,United States,['Enforcement and Removal'],1,False,True,True,262,7,0,accepted,[]
85a8c2d466fb86ca48a6,https://www.ice.gov/news/releases/ice-boston-arrests-5-foreign-fugitives-wanted-murder-month,ICE Boston arrests 5 foreign fugitives wanted for murder in a month,2026-04-16,2026-04-16,2026,2026-04,0,Burlington,MA,United States,"['Enforcement and Removal', 'Law Enforcement']",2,True,True,True,367,9,0,accepted,[]
4f55a41f65de657fac28,https://www.ice.gov/news/releases/ice-boston-arrests-alien-fugitive-wanted-homicide-dominican-republic,ICE Boston arrests alien fugitive wanted for homicide in Dominican Republic,2025-04-04,2025-08-15,2025,2025-04,133,Boston,MA,United States,['Enforcement and Removal'],1,False,True,True,223,7,0,accepted,[]
c95f7e18d2a218ae4b07,https://www.ice.gov/news/releases/ice-boston-arrests-brazilian-alien-charged-assault-battery-massachusetts,"ICE Boston arrests Brazilian alien charged with assault, battery in Massachusetts",2025-03-27,2025-06-13,2025,2025-03,78,Framingham,MA,United States,['Enforcement and Removal'],1,False,True,True,227,8,0,accepted,[]
2ad5328c08d9c146462a,https://www.ice.gov/news/releases/ice-boston-arrests-brazilian-fugitive-immigration-absconder-wanted-failure-serve-her,"ICE Boston arrests Brazilian fugitive, immigration absconder wanted for failure to serve her sentence after felony bank fraud conviction",2025-02-05,2025-06-13,2025,2025-02,128,Boston,MA,United States,['Enforcement and Removal'],1,False,True,True,283,7,0,accepted,[]
20adfbb64dbb6c0b3fdf,https://www.ice.gov/news/releases/ice-boston-arrests-chinese-fugitive-criminal-alien-wanted-embezzlement-fraud-drug,"ICE Boston arrests Chinese fugitive, criminal alien wanted for embezzlement, fraud, drug crimes in Taiwan",2025-02-04,2025-06-13,2025,2025-02,129,Boston,MA,United States,['Enforcement and Removal'],1,False,True,True,221,7,0,accepted,[]
dca9426ec3715bcdeb1d,https://www.ice.gov/news/releases/ice-boston-arrests-criminal-alien-fugitive-convicted-homicide-firearms-crime-brazil,"ICE Boston arrests criminal alien fugitive convicted of homicide, firearms crime in Brazil",2025-05-02,2025-06-13,2025,2025-05,42,Marlboro,MA,United States,['Enforcement and Removal'],1,False,True,True,258,6,0,accepted,[]
f2c438cb537361085e8d,https://www.ice.gov/news/releases/ice-boston-arrests-dominican-alien-charged-assault-rape-strangulation-massachusetts,"ICE Boston arrests Dominican alien charged with assault to rape, strangulation of a Massachusetts resident",2025-04-04,2025-06-13,2025,2025-04,70,Lawrence,MA,United States,['Enforcement and Removal'],1,False,True,True,247,7,0,accepted,[]
ccc09d5dc03bc40eb445,https://www.ice.gov/news/releases/ice-boston-arrests-dominican-fugitive-charged-firearms-drug-crimes-massachusetts,"ICE Boston arrests Dominican fugitive charged with firearms, drug crimes in Massachusetts",2025-05-21,2025-06-13,2025,2025-05,23,Boston,MA,United States,['Enforcement and Removal'],1,False,True,True,205,6,0,accepted,[]
5e657ebad6d2b5d41ed1,https://www.ice.gov/news/releases/ice-boston-arrests-ecuadoran-alien-charged-aggravated-child-rape-massachusetts,ICE Boston arrests Ecuadoran alien charged with aggravated child rape in Massachusetts,2025-03-31,2025-06-13,2025,2025-03,74,Brockton,MA,United States,['Enforcement and Removal'],1,False,True,True,228,7,0,accepted,[]
87e4b7180f5b996cdbd5,https://www.ice.gov/news/releases/ice-boston-arrests-fugitive-alien-wanted-brazil-illegal-firearm-threatening-crimes,"ICE Boston arrests fugitive alien wanted in Brazil for illegal firearm, threatening crimes",2025-03-13,2025-06-13,2025,2025-03,92,Boston,MA,United States,['Enforcement and Removal'],1,False,True,True,247,7,0,accepted,[]
d3560e39137810677264,https://www.ice.gov/news/releases/ice-boston-arrests-fugitive-wanted-brazil-manslaughter,ICE Boston arrests fugitive wanted in Brazil for manslaughter,2025-03-19,2025-06-13,2025,2025-03,86,Waltham,MA,United States,['Enforcement and Removal'],1,False,True,True,240,8,0,accepted,[]
738deac9ad901e56b16b,https://www.ice.gov/news/releases/ice-boston-arrests-guatemalan-alien-charged-assaulting-child-injury-massachusetts,ICE Boston arrests Guatemalan alien charged with assaulting child with injury in Massachusetts,2025-04-07,2025-06-13,2025,2025-04,67,Revere,MA,United States,['Enforcement and Removal'],1,False,False,True,222,7,0,accepted,[]
787464013abb2f95ef8a,https://www.ice.gov/news/releases/ice-boston-arrests-guatemalan-alien-charged-sex-crimes-connecticut,ICE Boston arrests Guatemalan alien charged with sex crimes in Connecticut,2025-03-31,2025-08-18,2025,2025-03,140,Hartford,CT,United States,['Enforcement and Removal'],1,False,True,True,232,6,0,accepted,[]
f73b4413cdb4789489b0,https://www.ice.gov/news/releases/ice-boston-arrests-guatemalan-national-convicted-massachusetts-assault-and-battery,"ICE Boston arrests Guatemalan national convicted in Massachusetts for Assault and Battery on a Family Member, Intimidation, Violation of the Abuse Prevention Act",2025-02-18,2025-06-13,2025,2025-02,115,Boston,MA,United States,['Enforcement and Removal'],1,False,True,True,381,11,0,accepted,[]
666b458f3474e3a97061,https://www.ice.gov/news/releases/ice-boston-arrests-honduran-illegal-alien-charged-sex-crimes-assault-and-battery,"ICE Boston arrests Honduran illegal alien charged with sex crimes, assault and battery, armed robbery",2025-01-28,2025-06-13,2025,2025-01,136,Boston,MA,United States,['Enforcement and Removal'],1,False,True,True,558,13,0,accepted,[]
c5f19a159bc6bcbd6f42,https://www.ice.gov/news/releases/ice-boston-arrests-illegal-brazilian-alien-charged-raping-massachusetts-resident,ICE Boston arrests illegal Brazilian alien charged with raping Massachusetts resident,2025-02-24,2025-08-19,2025,2025-02,176,Falmouth,MA,United States,['Enforcement and Removal'],1,False,True,True,267,7,0,accepted,[]
d0d841bf917cbd49c9c4,https://www.ice.gov/news/releases/ice-boston-arrests-illegal-brazilian-national-convicted-connecticut-sexual-assault,"ICE Boston arrests illegal Brazilian national convicted in Connecticut of sexual assault, unlawful restraint, violating protective order",2025-02-11,2025-06-13,2025,2025-02,122,Hartford,CT,United States,['Enforcement and Removal'],1,False,True,True,262,7,0,accepted,[]
fc89514c3e8cb0a565df,https://www.ice.gov/news/releases/ice-boston-arrests-illegal-dominican-drug-dealer-charged-assault-battery-dangerous,"ICE Boston arrests illegal Dominican drug dealer charged with assault, battery with dangerous weapon",2025-02-07,2025-06-13,2025,2025-02,126,Boston,MA,United States,['Enforcement and Removal'],1,False,True,True,378,13,0,accepted,[]
fee5361b338635677eaf,https://www.ice.gov/news/releases/ice-boston-arrests-illegal-dominican-national-convicted-murder-massachusetts,ICE Boston arrests illegal Dominican national convicted of murder in Massachusetts,2025-02-03,2025-06-13,2025,2025-02,130,Boston,MA,United States,['Enforcement and Removal'],1,False,True,True,471,10,0,accepted,[]
5207e20be79eb22e8fb1,https://www.ice.gov/news/releases/ice-boston-arrests-illegal-fugitive-wanted-aggravated-homicide-el-salvador,ICE Boston arrests illegal fugitive wanted for aggravated homicide in El Salvador,2025-02-07,2025-06-13,2025,2025-02,126,Boston,MA,United States,['Enforcement and Removal'],1,False,True,True,233,7,0,accepted,[]
52bd8e26b52ac1597bb9,https://www.ice.gov/news/releases/ice-boston-arrests-illegal-fugitive-wanted-armed-robbery-brazil,ICE Boston arrests illegal fugitive wanted for armed robbery in Brazil,2025-02-07,2025-06-13,2025,2025-02,126,Boston,MA,United States,['Enforcement and Removal'],1,False,True,True,270,8,0,accepted,[]
26590bc30c9c6b2c620d,https://www.ice.gov/news/releases/ice-boston-arrests-illegal-guatemalan-alien-charged-aggravated-rape-massachusetts,ICE Boston arrests illegal Guatemalan alien charged with aggravated rape of Massachusetts child,2025-03-13,2025-06-13,2025,2025-03,92,Lawrence,MA,United States,['Enforcement and Removal'],1,False,True,True,217,6,0,accepted,[]
0a65586368d78762f3c0,https://www.ice.gov/news/releases/ice-boston-arrests-illegal-guatemalan-alien-charged-armed-home-invasion-kidnapping,"ICE Boston arrests illegal Guatemalan alien charged with armed home invasion, kidnapping crimes",2025-02-24,2025-06-13,2025,2025-02,109,Providence,RI,United States,['Enforcement and Removal'],1,False,True,True,446,13,0,accepted,[]
7e3f83df8a2365fec884,https://www.ice.gov/news/releases/ice-boston-arrests-illegal-guatemalan-alien-charged-sex-crimes-against-massachusetts,ICE Boston arrests illegal Guatemalan alien charged with sex crimes against Massachusetts minor,2025-03-18,2025-06-13,2025,2025-03,87,Brighton,MA,United States,['Enforcement and Removal'],1,False,True,True,293,9,0,accepted,[]
c84a2bd1d005b938a295,https://www.ice.gov/news/releases/ice-boston-arrests-illegal-guatemalan-national-charged-endangering-connecticut-child,ICE Boston arrests illegal Guatemalan national charged with endangering Connecticut child,2025-04-11,2025-06-13,2025,2025-04,63,Boston,MA,United States,['Enforcement and Removal'],1,False,True,True,229,7,0,accepted,[]
096af827247f59baafc6,https://www.ice.gov/news/releases/ice-boston-arrests-illegal-guatemalan-national-charged-forcibly-raping-massachusetts,ICE Boston arrests illegal Guatemalan national charged with forcibly raping Massachusetts minor,2025-02-12,2025-06-13,2025,2025-02,121,Boston,MA,United States,['Enforcement and Removal'],1,False,True,True,353,11,0,accepted,[]
f0022845d5276f339e7f,https://www.ice.gov/news/releases/ice-boston-arrests-illegal-haitian-national-charged-assault-sex-crime-against,"ICE Boston arrests illegal Haitian national charged with assault, sex crime against a Massachusetts resident",2025-02-03,2025-08-19,2025,2025-02,197,Boston,MA,United States,['Enforcement and Removal'],1,False,True,True,250,7,0,accepted,[]
fc2166aa4a4948f713fb,https://www.ice.gov/news/releases/ice-boston-arrests-illegal-honduran-national-charged-child-trafficking-crimes-rhode,ICE Boston arrests illegal Honduran national charged with child trafficking crimes in Rhode Island,2025-05-27,2025-06-13,2025,2025-05,17,Providence,RI,United States,['Enforcement and Removal'],1,False,True,True,260,9,0,accepted,[]
73d09ea647a04597a295,https://www.ice.gov/news/releases/ice-boston-arrests-illegal-jamaican-national-charged-assault-battery-massachusetts,"ICE Boston arrests illegal Jamaican national charged with assault, battery in Massachusetts",2025-02-26,2025-06-13,2025,2025-02,107,Boston,MA,United States,['Enforcement and Removal'],1,False,True,True,256,8,0,accepted,[]
41ab9f56d3a690e92067,https://www.ice.gov/news/releases/ice-boston-arrests-illegal-turkish-national-charged-witness-intimidation-assault,"ICE Boston arrests illegal Turkish national charged with witness intimidation, assault, battery on intellectually disabled person",2025-02-12,2025-06-13,2025,2025-02,121,Somerville,MA,United States,['Enforcement and Removal'],1,False,True,True,313,8,0,accepted,[]
a60de18c658d4a72fab8,https://www.ice.gov/news/releases/ice-boston-arrests-lebanese-alien-charged-assault-battery-sex-crime-massachusetts,"ICE Boston arrests Lebanese alien charged with assault, battery, sex crime in Massachusetts",2025-03-26,2025-06-13,2025,2025-03,79,Lakeville,MA,United States,['Enforcement and Removal'],1,False,True,True,193,7,0,accepted,[]
34a8f9a89c88c102e7b9,https://www.ice.gov/news/releases/ice-boston-arrests-mexican-alien-charged-drug-trafficking-prostitution-crimes,"ICE Boston arrests Mexican alien charged with drug trafficking, prostitution crimes in Connecticut",2025-09-18,2025-09-18,2025,2025-09,0,Hartford,CT,United States,['Enforcement and Removal'],1,True,True,True,326,9,0,accepted,[]
3998421aba7f5e01ef46,https://www.ice.gov/news/releases/ice-boston-arrests-salvadoran-alien-several-convictions-massachusetts,ICE Boston arrests Salvadoran alien with several convictions in Massachusetts,2025-06-17,2025-06-17,2025,2025-06,0,Peabody,MA,United States,['Enforcement and Removal'],1,False,True,True,502,14,0,accepted,[]
b05bf05b06d61fd4df35,https://www.ice.gov/news/releases/ice-boston-arrests-salvadoran-gang-member-massachusetts,ICE Boston arrests Salvadoran gang member in Massachusetts,2025-06-09,2025-06-09,2025,2025-06,0,Brockton,MA,United States,['Enforcement and Removal'],1,False,True,True,311,8,0,accepted,[]
8ec2f6622627c248a02c,https://www.ice.gov/news/releases/ice-boston-arrests-salvadoran-national-charged-raping-massachusetts-resident,ICE Boston arrests Salvadoran national charged with raping Massachusetts resident,2025-01-30,2025-06-13,2025,2025-01,134,Boston,MA,United States,['Enforcement and Removal'],1,False,True,True,294,10,0,accepted,[]
2f497f523b713b97655f,https://www.ice.gov/news/releases/ice-boston-arrests-turkish-alien-charged-raping-massachusetts-resident,ICE Boston arrests Turkish alien charged with raping Massachusetts resident,2025-03-14,2025-06-13,2025,2025-03,91,Burlington,MA,United States,['Enforcement and Removal'],1,False,True,True,308,10,0,accepted,[]
fc0a28019e5e7af2241d,https://www.ice.gov/news/releases/ice-boston-arrests-ugandan-alien-charged-massachusetts-assault-battery-pregnant,"ICE Boston arrests Ugandan alien charged in Massachusetts with assault, battery on pregnant victim",2025-03-20,2025-06-13,2025,2025-03,85,Waltham,MA,United States,['Enforcement and Removal'],1,False,True,True,246,7,0,accepted,[]
d806ecf7cf2d94b63a55,https://www.ice.gov/news/releases/ice-boston-federal-partners-arrest-fugitive-convicted-murder-brazil,"ICE Boston, federal partners arrest fugitive convicted of murder in Brazil",2025-05-08,2025-06-13,2025,2025-05,36,Milford,MA,United States,['Enforcement and Removal'],1,False,True,True,266,8,0,accepted,[]
818f98aacceb2c8a4261,https://www.ice.gov/news/releases/ice-boston-federal-partners-arrests-illegal-ecuadoran-national-charged-more-20-sex,"ICE Boston, federal partners arrests illegal Ecuadoran national charged with more than 20 sex crimes against Massachusetts minor",2025-04-11,2025-08-15,2025,2025-04,126,Lawrence,MA,United States,"['Enforcement and Removal', 'Child Exploitation']",2,True,True,True,416,10,0,accepted,[]
2b2fd60cab40a79566ed,https://www.ice.gov/news/releases/ice-boston-law-enforcement-partners-arrest-illegal-brazilian-gang-member-convicted,"ICE Boston, law enforcement partners arrest illegal Brazilian gang member convicted of assault, battery in Massachusetts",2025-02-21,2025-06-13,2025,2025-02,112,Bellingham,MA,United States,['Enforcement and Removal'],1,False,True,True,294,8,0,accepted,[]
b34377c7f8b04c9012c1,https://www.ice.gov/news/releases/ice-boston-law-enforcement-partners-arrest-illegal-haitian-alien-charged,"ICE Boston, law enforcement partners arrest illegal Haitian alien charged in Massachusetts with sex crimes, witness intimidation",2025-03-03,2025-06-13,2025,2025-03,102,New Bedford,MA,United States,['Enforcement and Removal'],1,False,True,True,398,12,0,accepted,[]
55fee38b9374c065cdd3,https://www.ice.gov/news/releases/ice-boston-lodges-immigration-detainer-against-dominican-national-accused-grisly,ICE Boston lodges immigration detainer against Dominican national accused of grisly murder,2025-02-10,2025-06-13,2025,2025-02,123,Lynn,MA,United States,['Enforcement and Removal'],1,False,False,True,225,5,0,accepted,[]
1f27b4246b5374566765,https://www.ice.gov/news/releases/ice-boston-removes-alien-fugitive-wanted-aggravated-murder-desecration-corpse-brazil,"ICE Boston removes alien fugitive wanted for aggravated murder, desecration of corpse in Brazil",2025-04-24,2025-08-15,2025,2025-04,113,Boston,MA,United States,['Enforcement and Removal'],1,False,True,True,278,8,0,accepted,[]
ff898d80d2eef54809f3,https://www.ice.gov/news/releases/ice-boston-removes-colombian-alien-charged-assault-during-home-invasion-violating,"ICE Boston removes Colombian alien charged with assault during home invasion, violating protective order",2025-05-16,2025-06-13,2025,2025-05,28,Hartford,CT,United States,['Enforcement and Removal'],1,False,True,True,299,6,0,accepted,[]
f2c9dd16286ccf9b5ed1,https://www.ice.gov/news/releases/ice-boston-removes-dominican-national-charged-larceny-drug-crimes-massachusetts,"ICE Boston removes Dominican national charged with larceny, drug crimes in Massachusetts",2025-05-15,2025-06-13,2025,2025-05,29,Boston,MA,United States,['Enforcement and Removal'],1,True,True,True,382,12,0,accepted,[]
322604110349563cc817,https://www.ice.gov/news/releases/ice-boston-removes-fugitive-convicted-armed-robbery-brazil,ICE Boston removes fugitive convicted of armed robbery in Brazil,2025-05-27,2025-06-13,2025,2025-05,17,Woonsocket,RI,United States,['Enforcement and Removal'],1,True,True,True,312,9,0,accepted,[]
fc96112deeaa213d2171,https://www.ice.gov/news/releases/ice-boston-removes-fugitive-wanted-shooting-jamaica,ICE Boston removes fugitive wanted for shooting in Jamaica,2025-02-19,2025-06-13,2025,2025-02,114,New Haven,CT,United States,['Enforcement and Removal'],1,False,True,True,372,11,0,accepted,[]
84f418b1a2aef2cd3941,https://www.ice.gov/news/releases/ice-boston-removes-illegal-fugitive-wanted-child-rape-jamaica,ICE Boston removes illegal fugitive wanted for child rape in Jamaica,2025-09-04,2025-09-04,2025,2025-09,0,Boston,MA,United States,['Enforcement and Removal'],1,True,True,True,302,8,0,accepted,[]
03424d3eb79fd34ec129,https://www.ice.gov/news/releases/ice-boston-removes-illegal-honduran-national-wanted-homicide-home-country,ICE Boston removes illegal Honduran national wanted for homicide in home country,2025-03-03,2025-06-13,2025,2025-03,102,Boston,MA,United States,['Enforcement and Removal'],1,False,True,True,333,10,0,accepted,[]
e4b8d2ba460407faea94,https://www.ice.gov/news/releases/ice-boston-removes-illegal-salvadoran-gang-leader-us,ICE Boston removes illegal Salvadoran gang leader from US,2025-11-26,2025-12-04,2025,2025-11,8,Boston,MA,United States,['Enforcement and Removal'],1,True,True,True,403,9,0,accepted,[]
0951dcb0404f374b57bc,https://www.ice.gov/news/releases/ice-bp-and-law-enforcement-partners-intercept-human-smuggling-load-results-arrest-8,"ICE, BP and law enforcement partners intercept human smuggling load that results in the arrest of 8 illegal aliens",2025-02-25,2025-06-13,2025,2025-02,108,San Antonio,TX,United States,['Human Smuggling/Trafficking'],1,False,True,True,275,7,0,accepted,[]
25662dc6e06b34714ffa,https://www.ice.gov/news/releases/ice-buffalo-arrests-british-national-significant-criminality-united-kingdom,ICE Buffalo arrests British national with significant criminality in the United Kingdom,2025-05-15,2025-06-13,2025,2025-05,29,Buffalo,NY,United States,['Enforcement and Removal'],1,False,True,True,243,12,0,accepted,[]
d0e9b3313eb1f078cc9f,https://www.ice.gov/news/releases/ice-buffalo-arrests-criminal-alien-convicted-attempted-murder,ICE Buffalo arrests criminal alien convicted of attempted murder,2025-04-02,2025-06-13,2025,2025-04,72,Buffalo,NY,United States,['Enforcement and Removal'],1,False,True,True,222,5,0,accepted,[]
7e7af3265a5409036630,https://www.ice.gov/news/releases/ice-buffalo-arrests-criminal-alien-ukraine-wanted-attempted-murder-police-chief,ICE Buffalo arrests criminal alien from Ukraine wanted for attempted murder of police chief,2026-02-25,2026-02-25,2026,2026-02,0,Syracuse,NY,United States,"['Enforcement and Removal', 'Narcotics', 'Organized Crime']",3,False,True,True,297,7,0,accepted,[]
13e342dcb442904b3296,https://www.ice.gov/news/releases/ice-buffalo-arrests-illegal-alien-9-us-criminal-convictions-including-assault-arson,"ICE Buffalo arrests illegal alien with 9 US criminal convictions including assault, arson and robbery",2025-07-25,2025-07-25,2025,2025-07,0,Buffalo,NY,United States,['Enforcement and Removal'],1,False,True,True,344,14,0,accepted,[]
f251d7b9cc5df3399fad,https://www.ice.gov/news/releases/ice-buffalo-arrests-illegal-alien-mexico-convicted-felony-rape,ICE Buffalo arrests illegal alien from Mexico convicted of felony rape,2025-02-26,2025-06-13,2025,2025-02,107,Buffalo,NY,United States,['Enforcement and Removal'],1,False,True,True,178,5,0,accepted,[]
46621c4a221e1064c7a6,https://www.ice.gov/news/releases/ice-buffalo-arrests-illegally-present-cuban-national-and-convicted-sex-offender,ICE Buffalo arrests illegally present Cuban national and convicted sex offender,2025-07-15,2025-07-15,2025,2025-07,0,Rochester,NY,United States,['Enforcement and Removal'],1,False,True,True,255,14,0,accepted,[]
8a239400a7808455a218,https://www.ice.gov/news/releases/ice-buffalo-arrests-mexican-criminal-aliens-felony-convictions,ICE Buffalo arrests Mexican criminal aliens with felony convictions,2025-07-11,2025-07-14,2025,2025-07,3,Buffalo,NY,United States,['Enforcement and Removal'],1,False,True,True,236,6,0,accepted,[]
c7481e44cbed45fdc280,https://www.ice.gov/news/releases/ice-buffalo-arrests-notorious-drug-trafficker-and-criminal-illegal-alien-ukraine-who,ICE Buffalo arrests notorious drug trafficker and criminal illegal alien from Ukraine who attempted to exploit immigration law to hide from justice,2025-12-03,2025-12-03,2025,2025-12,0,Buffalo,NY,United States,['Enforcement and Removal'],1,True,True,True,278,6,0,accepted,[]
2e72ee6637616a88ea73,https://www.ice.gov/news/releases/ice-buffalo-arrests-paisas-gang-member-mexico,ICE Buffalo arrests Paisas gang member from Mexico,2025-03-20,2025-03-21,2025,2025-03,1,Buffalo,NY,United States,['Enforcement and Removal'],1,True,True,True,301,6,0,accepted,[]
6a79162131299c39d0a5,https://www.ice.gov/news/releases/ice-buffalo-arrests-salvadoran-national-convicted-child-predator,"ICE Buffalo arrests Salvadoran national, convicted child predator",2025-07-25,2025-07-25,2025,2025-07,0,Buffalo,NY,United States,['Enforcement and Removal'],1,False,True,True,292,6,0,accepted,[]
28ba33fa608c2e560af8,https://www.ice.gov/news/releases/ice-buffalo-arrests-violent-illegal-alien-after-local-sheriff-refuses-honor-federal,ICE Buffalo arrests violent illegal alien after local sheriff refuses to honor a federal warrant,2025-02-01,2025-06-13,2025,2025-02,132,Buffalo,NY,United States,['Enforcement and Removal'],1,False,True,True,224,5,0,accepted,[]
1614f3c50c8fd94afcb6,https://www.ice.gov/news/releases/ice-buffalo-investigation-lands-criminal-illegal-alien-25-year-prison-sentence,ICE Buffalo investigation lands criminal illegal alien 25-year prison sentence for distribution of child sexual abuse material,2026-02-24,2026-02-24,2026,2026-02,0,Syracuse,NY,United States,['Child Exploitation'],1,False,True,True,450,7,0,accepted,[]
d64d61c5e9c25cb5e7b9,https://www.ice.gov/news/releases/ice-buffalo-investigation-leads-arrest-jamestown-man-charged-threatening-kill,ICE Buffalo investigation leads to arrest of Jamestown man charged with threatening to kill a Homeland Security agent,2025-07-08,2025-07-15,2025,2025-07,7,Buffalo,NY,United States,['Law Enforcement'],1,False,True,True,403,11,0,accepted,[]
691b66067748804bc79c,https://www.ice.gov/news/releases/ice-buffalo-investigation-nets-30-year-sentence-new-york-man-child-exploitation,ICE Buffalo investigation nets 30-year sentence for New York man on child exploitation charges,2025-02-18,2026-05-19,2025,2025-02,455,Buffalo,NY,United States,['Child Exploitation'],1,False,False,True,317,6,0,accepted,[]
0b8449fb74ec9a44e0ea,https://www.ice.gov/news/releases/ice-buffalo-local-partners-arrest-previously-convicted-kenyan-national-gun-charges,"ICE Buffalo, local partners arrest previously convicted Kenyan national on gun charges",2025-07-23,2025-07-23,2025,2025-07,0,Buffalo,NY,United States,"['Enforcement and Removal', 'Firearms, Ammunition and Explosives']",2,False,True,True,336,8,0,accepted,[]
7825ad10f18daf3918e1,https://www.ice.gov/news/releases/ice-buffalo-removes-2-criminal-illegal-aliens-and-foreign-fugitives-wanted-felonies,ICE Buffalo removes 2 criminal illegal aliens and foreign fugitives wanted for felonies in home country to Guatemala,2025-05-19,2025-06-13,2025,2025-05,25,Buffalo,NY,United States,['Enforcement and Removal'],1,False,True,True,482,9,0,accepted,[]
8e4c333dc4e79b8be66b,https://www.ice.gov/news/releases/ice-buffalo-removes-2-illegal-aliens-sexual-predators-honduras,"ICE Buffalo removes 2 illegal aliens, sexual predators to Honduras",2025-03-06,2025-06-13,2025,2025-03,99,Buffalo,NY,United States,['Enforcement and Removal'],1,False,True,True,302,6,0,accepted,[]
dbd5f8f3b8f1b1f0616f,https://www.ice.gov/news/releases/ice-buffalo-removes-convicted-drug-trafficker-canada,ICE Buffalo removes convicted drug trafficker to Canada,2025-03-11,2025-06-13,2025,2025-03,94,Buffalo,NY,United States,['Enforcement and Removal'],1,False,True,True,200,5,0,accepted,[]
ba66d7c1e4cdc1beb0c3,https://www.ice.gov/news/releases/ice-buffalo-removes-illegal-alien-child-sex-predator-guatemala,"ICE Buffalo removes illegal alien, child sex predator to Guatemala",2025-06-30,2025-06-30,2025,2025-06,0,Buffalo,NY,United States,['Enforcement and Removal'],1,False,True,True,244,6,0,accepted,[]
9e0e09bf3347f4e4ab44,https://www.ice.gov/news/releases/ice-buffalo-removes-previously-deported-child-sex-predator-home-country,ICE Buffalo removes previously deported child sex predator to home country,2025-05-20,2025-06-13,2025,2025-05,24,Buffalo,NY,United States,['Enforcement and Removal'],1,False,True,True,287,6,0,accepted,[]
31abd5c486e4904d30d7,https://www.ice.gov/news/releases/ice-buffalo-removes-several-violent-criminal-aliens-us,ICE Buffalo removes several violent criminal aliens from US,2025-07-21,2025-07-21,2025,2025-07,0,Buffalo,NY,United States,['Enforcement and Removal'],1,False,True,True,257,10,0,accepted,[]
77df6bc2cb1ec812082a,https://www.ice.gov/news/releases/ice-buffalo-targets-illegal-aliens-during-weeklong-operation,ICE Buffalo targets illegal aliens during a weeklong operation,2025-09-25,2025-09-25,2025,2025-09,0,Buffalo,NY,United States,['Enforcement and Removal'],1,True,True,True,310,10,0,accepted,[]
faed630ab766821b161c,https://www.ice.gov/news/releases/ice-buffalo-warns-new-yorkers-after-arrests-chinese-nationals-caught-preying-elderly,ICE Buffalo warns New Yorkers after arrests of Chinese nationals caught preying on elderly,2025-07-11,2025-07-14,2025,2025-07,3,Buffalo,NY,United States,['Enforcement and Removal'],1,False,True,True,474,9,0,accepted,[]
484083b0109914af3f64,https://www.ice.gov/news/releases/ice-cbp-atf-usao-announce-outbound-weapons-interdiction-achievements,"ICE, CBP, ATF, USAO announce outbound weapons interdiction achievements",2025-05-07,2025-05-07,2025,2025-05,0,Nogales,AZ,United States,"['Firearms, Ammunition and Explosives']",1,False,False,True,770,14,0,accepted,[]
cfb645295debfcb03f74,https://www.ice.gov/news/releases/ice-cbp-seize-50000-kilograms-meth-precursor-chemicals-destined-sinaloa-cartel,"ICE, CBP seize 50,000 kilograms of meth precursor chemicals destined for Sinaloa Cartel",2025-06-02,2025-06-18,2025,2025-06,16,Houston,TX,United States,['Narcotics'],1,False,False,True,318,5,0,accepted,[]
bf6aba02ba6c890afe42,https://www.ice.gov/news/releases/ice-cbp-seize-hazardous-chinese-toys-sale-puerto-rico,"ICE, CBP seize hazardous Chinese toys for sale in Puerto Rico",2014-12-16,2025-09-04,2014,2014-12,3915,San Juan,PR,United States,['Intellectual Property Rights and Commercial Fraud'],1,False,True,True,462,7,0,accepted,[]
2698f706c0d3d0b94e30,https://www.ice.gov/news/releases/ice-charleston-partners-arrest-west-virginia-man-making-terroristic-threats,"ICE Charleston, partners arrest West Virginia man for making terroristic threats",2026-02-19,2026-02-19,2026,2026-02,0,Clarksburg,WV,United States,"['Law Enforcement', 'National Security']",2,True,True,True,241,7,0,accepted,[]
42481f952b6fbbde86ff,https://www.ice.gov/news/releases/ice-chicago-arrests-criminal-alien-convicted-abducting-and-enticing-child,ICE Chicago arrests criminal alien convicted of abducting and enticing a child,2025-11-20,2025-11-20,2025,2025-11,0,Chicago,IL,United States,['Enforcement and Removal'],1,True,True,True,266,7,0,accepted,[]
1eb64e67ba3e716f91be,https://www.ice.gov/news/releases/ice-chicago-arrests-violent-illegal-alien-sex-offender-after-illinois-fails-honor,"ICE Chicago arrests violent illegal alien sex offender after Illinois fails to honor detainer, releases him into community",2026-05-05,2026-05-12,2026,2026-05,7,Chicago,IL,United States,['Enforcement and Removal'],1,True,True,True,300,8,0,accepted,[]
bfe56c45e988d5e189aa,https://www.ice.gov/news/releases/ice-chicago-captures-shooters-december-2024-mass-shooting-tied-tren-de-aragua-gang,ICE Chicago captures shooters in December 2024 mass shooting tied to Tren de Aragua gang,2025-05-20,2025-08-21,2025,2025-05,93,Chicago,IL,United States,['Transnational Gangs'],1,False,True,True,319,6,0,accepted,[]
a8b40cd827674a159dac,https://www.ice.gov/news/releases/ice-chicago-deports-previously-removed-guatemalan-criminal-alien-wanted-reckless-harm,ICE Chicago deports previously removed Guatemalan criminal alien wanted for reckless harm charges in home country,2025-10-22,2025-10-22,2025,2025-10,0,Chicago,IL,United States,['Enforcement and Removal'],1,False,True,True,240,7,0,accepted,[]
917660bf6ca4f34fe768,https://www.ice.gov/news/releases/ice-chicago-removes-criminal-alien-wanted-rape-guatemala,ICE Chicago removes criminal alien wanted for rape in Guatemala,2025-03-21,2025-06-13,2025,2025-03,84,Chicago,IL,United States,['Enforcement and Removal'],1,False,True,True,225,5,0,accepted,[]
4b69bf58ee71b853bb64,https://www.ice.gov/news/releases/ice-chicago-removes-sierra-leonean-convicted-visa-fraud,ICE Chicago removes Sierra Leonean convicted of visa fraud,2025-03-05,2025-08-26,2025,2025-03,174,St. Louis,MO,United States,['Enforcement and Removal'],1,True,True,True,289,5,0,accepted,[]
8462e29b68c9cbee40d6,https://www.ice.gov/news/releases/ice-cincinnati-arrests-bhutanese-national-sex-crime-conviction,ICE Cincinnati arrests Bhutanese national with sex crime conviction,2025-03-14,2025-06-13,2025,2025-03,91,Cincinnati,OH,United States,['Enforcement and Removal'],1,False,True,True,144,5,0,accepted,[]
4d4f63343bb99b89cfa2,https://www.ice.gov/news/releases/ice-cincinnati-arrests-bulgarian-firearm-and-eluding-conviction,ICE Cincinnati arrests Bulgarian with firearm and eluding conviction,2025-03-04,2025-06-13,2025,2025-03,101,Cincinnati,OH,United States,['Enforcement and Removal'],1,False,True,True,143,5,0,accepted,[]
38d795876eb47d4bf765,https://www.ice.gov/news/releases/ice-cincinnati-arrests-illegal-alien-convicted-sex-crimes,ICE Cincinnati arrests illegal alien convicted of sex crimes,2025-02-13,2025-06-13,2025,2025-02,120,Cincinnati,OH,United States,['Enforcement and Removal'],1,False,True,True,128,5,0,accepted,[]
e963f668938d773a7bf0,https://www.ice.gov/news/releases/ice-cincinnati-removes-convicted-coup-leader-burkina-faso,ICE Cincinnati removes convicted coup leader to Burkina Faso,2025-08-13,2025-08-14,2025,2025-08,1,Cincinnati,OH,United States,['Human Rights Violators'],1,False,True,True,435,9,0,accepted,[]
e7e521f4f089221531c6,https://www.ice.gov/news/releases/ice-cincinnati-seeks-additional-victims-alleged-child-exploitation-case,ICE Cincinnati seeks additional victims in alleged child exploitation case,2025-04-16,2025-04-17,2025,2025-04,1,Cincinnati,OH,United States,['Child Exploitation'],1,False,True,True,195,7,0,accepted,[]
cab732d35200a8f962a4,https://www.ice.gov/news/releases/ice-columbus-and-us-marshals-arrest-ecuadorian-illegal-alien-wanted-murder,ICE Columbus and US Marshals arrest Ecuadorian illegal alien wanted for murder,2025-02-19,2025-06-13,2025,2025-02,114,Columbus,OH,United States,['Enforcement and Removal'],1,False,True,True,152,5,0,accepted,[]
20f8a4da9a184f03d30d,https://www.ice.gov/news/releases/ice-columbus-arrests-ghanaian-national-convicted-sex-crimes-minor,ICE Columbus arrests Ghanaian national convicted of sex crimes with a minor,2025-02-02,2025-06-13,2025,2025-02,131,Columbus,OH,United States,['Enforcement and Removal'],1,False,True,True,175,6,0,accepted,[]
8ec861b85d4eaf2140be,https://www.ice.gov/news/releases/ice-conducts-visits-employers-northern-virginia-ensure-legal-compliance-when-hiring,ICE conducts visits to employers in Northern Virginia to ensure legal compliance when hiring foreign student workers,2025-10-15,2025-10-15,2025,2025-10,0,Washington,DC,United States,['Student and Exchange Visitor Program'],1,True,False,True,240,4,0,accepted,[]
dd431ba7a11824bd016f,https://www.ice.gov/news/releases/ice-conducts-worksite-inspections-baton-rouge-massage-parlors,ICE conducts worksite inspections at Baton Rouge massage parlors,2025-06-11,2025-08-21,2025,2025-06,71,Baton Rouge,LA,United States,['Worksite Enforcement'],1,False,True,False,193,2,0,accepted,[]
d08d9a5f1ffd01be5f80,https://www.ice.gov/news/releases/ice-conducts-worksite-inspections-new-orleans,ICE conducts worksite inspections in New Orleans,2025-05-28,2025-06-13,2025,2025-05,16,New Orleans,LA,United States,['Worksite Enforcement'],1,False,True,True,335,9,0,accepted,[]
bfc29b7be23db684c0f9,https://www.ice.gov/news/releases/ice-confirms-suspect-san-francisco-stabbing-venezuelan-criminal-illegal-alien-who,ICE confirms suspect in San Francisco stabbing is Venezuelan criminal illegal alien who entered the US under Biden administration’s deadly ‘catch-and-release’ policies,2026-05-02,2026-05-04,2026,2026-05,2,San Francisco,CA,United States,['Enforcement and Removal'],1,True,True,True,228,7,0,accepted,[]
26757d5bcac1bc617d2f,https://www.ice.gov/news/releases/ice-continues-arrest-violent-criminal-illegal-aliens-chicago-including-those,"ICE continues to arrest violent criminal illegal aliens in Chicago, including those convicted of domestic battery, aggravated criminal sexual abuse of a child and armed robbery",2025-11-22,2025-11-22,2025,2025-11,0,Chicago,IL,United States,['Enforcement and Removal'],1,False,True,True,498,12,0,accepted,[]
7ea56afde002e331b090,https://www.ice.gov/news/releases/ice-criminal-illegal-alien-detainee-cuba-passes-away-miami,ICE criminal illegal alien detainee from Cuba passes away in Miami,2026-04-16,2026-04-16,2026,2026-04,0,Miami,FL,United States,['Detainee Death Notifications'],1,False,False,True,410,6,0,accepted,[]
64a132e6581246cfff86,https://www.ice.gov/news/releases/ice-criminal-illegal-alien-detainee-passes-away-louisiana,ICE criminal illegal alien detainee passes away in Louisiana,2026-04-13,2026-04-13,2026,2026-04,0,New Orleans,LA,United States,['Detainee Death Notifications'],1,False,False,True,336,5,0,accepted,[]
5b7af1e234987234404e,https://www.ice.gov/news/releases/ice-dallas-apprehends-iranian-national-and-registered-sex-offender-convicted-multiple,ICE Dallas apprehends Iranian national and registered sex offender convicted of multiple sex offenses of a child,2025-06-12,2025-06-12,2025,2025-06,0,Dallas,TX,United States,['Enforcement and Removal'],1,False,True,True,221,7,0,accepted,[]
3a85b228de1d48975682,https://www.ice.gov/news/releases/ice-dallas-arrests-east-african-man-charged-3-counts-sexual-assault,ICE Dallas arrests East African man charged with 3 counts of sexual assault,2025-02-13,2025-06-13,2025,2025-02,120,Dallas,TX,United States,['Enforcement and Removal'],1,False,True,True,253,8,0,accepted,[]
43d594c9d9572a97a985,https://www.ice.gov/news/releases/ice-dallas-arrests-foreign-fugitive-wanted-his-home-country-rape,ICE Dallas arrests foreign fugitive wanted in his home country for rape,2025-03-05,2025-06-13,2025,2025-03,100,Dallas,TX,United States,['Enforcement and Removal'],1,False,False,True,199,8,0,accepted,[]
8c4a82df8c26ec107d70,https://www.ice.gov/news/releases/ice-dallas-arrests-foreign-fugitive-wanted-his-home-country,ICE Dallas arrests foreign fugitive wanted in his home country,2025-05-09,2025-06-13,2025,2025-05,35,Dallas,TX,United States,['Enforcement and Removal'],1,True,True,True,287,8,0,accepted,[]
eedb5839d564cf80eb45,https://www.ice.gov/news/releases/ice-dallas-arrests-illegal-alien-wanted-home-country-organizing-assassination-attempt,ICE Dallas arrests illegal alien wanted in home country for organizing an assassination attempt,2025-07-02,2025-07-02,2025,2025-07,0,Dallas,TX,United States,['Enforcement and Removal'],1,False,True,True,236,7,0,accepted,[]
44728b1dcfbed3a1daaf,https://www.ice.gov/news/releases/ice-dallas-arrests-illegal-guatemalan-national-wanted-murder-his-home-country,ICE Dallas arrests illegal Guatemalan national wanted for murder in his home country,2025-02-05,2025-08-19,2025,2025-02,195,Dallas,TX,United States,['Enforcement and Removal'],1,False,True,True,190,6,0,accepted,[]
c0b0e7ada8ffe2807a94,https://www.ice.gov/news/releases/ice-dallas-arrests-mexican-national-convicted-killing-man-and-setting-body-fire,ICE Dallas arrests Mexican national convicted of killing man and setting body on fire without prison time,2025-03-11,2025-06-13,2025,2025-03,94,Dallas,TX,United States,['Enforcement and Removal'],1,False,True,True,232,7,0,accepted,[]
a56bd20f90ff99922684,https://www.ice.gov/news/releases/ice-dallas-arrests-tren-de-aragua-member,ICE Dallas arrests Tren de Aragua member,2026-01-20,2026-01-20,2026,2026-01,0,Dallas,TX,United States,['Enforcement and Removal'],1,False,True,True,303,8,0,accepted,[]
d096f34b879826d955ab,https://www.ice.gov/news/releases/ice-dallas-leads-dhs-effort-removing-122-illegal-aliens-aboard-special-high-risk,ICE Dallas leads DHS effort removing 122 illegal aliens aboard Special High Risk Charter flight,2025-06-09,2025-06-09,2025,2025-06,0,Dallas,TX,United States,['Enforcement and Removal'],1,False,True,True,303,12,0,accepted,[]
163db54d1e270b2f6d62,https://www.ice.gov/news/releases/ice-dallas-led-investigation-leads-50-year-sentence-sex-trafficker-narcotics-dealer,"ICE Dallas-led investigation leads to 50-year sentence for sex trafficker, narcotics dealer, money launderer in Texas",2026-02-20,2026-02-20,2026,2026-02,0,Dallas,TX,United States,"['Human Smuggling/Trafficking', 'Narcotics']",2,False,False,True,348,8,0,accepted,[]
a6c4f20073fdf0226b1e,https://www.ice.gov/news/releases/ice-dallas-removes-36-year-old-citizen-mexico-convictions-murder-second-degree,ICE Dallas removes a 36-year-old citizen of Mexico with convictions for murder in the second degree,2025-02-19,2025-02-20,2025,2025-02,1,Dallas,TX,United States,['Enforcement and Removal'],1,False,True,True,195,8,0,accepted,[]
1e2fe51da500c39b9822,https://www.ice.gov/news/releases/ice-dallas-removes-foreign-fugitive-wanted-mexican-law-enforcement-homicide,ICE Dallas removes foreign fugitive wanted by Mexican law enforcement for homicide,2025-06-23,2025-06-23,2025,2025-06,0,Dallas,TX,United States,['Enforcement and Removal'],1,False,True,True,256,8,0,accepted,[]
c3faf94610e627461a5c,https://www.ice.gov/news/releases/ice-dallas-removes-fugitive-wanted-his-home-country-human-trafficking,ICE Dallas removes fugitive wanted in his home country for human trafficking,2025-02-03,2025-06-12,2025,2025-02,129,Dallas,TX,United States,['Enforcement and Removal'],1,False,True,True,181,6,0,accepted,[]
245dc82eba4fefe933e7,https://www.ice.gov/news/releases/ice-dallas-removes-pakistani-national-identified-national-security-priority,ICE Dallas removes Pakistani national identified as a national security priority,2025-02-28,2025-06-13,2025,2025-02,105,Dallas,TX,United States,['Enforcement and Removal'],1,False,True,True,215,8,0,accepted,[]
23a6f0d24182a62e313e,https://www.ice.gov/news/releases/ice-del-rio-federal-partner-investigation-results-sentence-illegal-honduran-alien,"ICE Del Rio, federal partner investigation results in sentence for illegal Honduran alien for alien smuggling conspiracy",2025-07-10,2025-07-11,2025,2025-07,1,San Antonio,TX,United States,['Human Smuggling/Trafficking'],1,False,True,True,927,15,0,accepted,[]
c7f03718a9282750eee5,https://www.ice.gov/news/releases/ice-denver-and-us-marshals-arrest-illegal-mexican-alien-wanted-mexico-homicide,ICE Denver and US Marshals arrest illegal Mexican alien wanted in Mexico for homicide,2025-02-03,2025-06-12,2025,2025-02,129,Denver,CO,United States,['Enforcement and Removal'],1,False,True,True,141,5,0,accepted,[]
ce5c8693ebc8c765e9d1,https://www.ice.gov/news/releases/ice-denver-arrests-honduran-alien-firearm-drug-charges,"ICE Denver arrests Honduran alien with firearm, drug charges",2025-02-10,2025-09-29,2025,2025-02,231,Denver,CO,United States,['Enforcement and Removal'],1,False,True,True,177,6,0,accepted,[]
621db0b7380fa91f1e8d,https://www.ice.gov/news/releases/ice-denver-arrests-suspected-member-tren-de-aragua-found-possession-firearm,ICE Denver arrests suspected member of Tren de Aragua found in possession of a firearm,2025-02-19,2025-08-15,2025,2025-02,177,Denver,CO,United States,"['Enforcement and Removal', 'Transnational Gangs']",2,False,True,True,134,5,0,accepted,[]
c5850b536ae580d2b8f2,https://www.ice.gov/news/releases/ice-denver-investigation-leads-more-67-year-sentence-gambian-torturer,ICE Denver investigation leads to more than 67-year sentence of Gambian torturer,2025-09-09,2025-09-09,2025,2025-09,0,Denver,CO,United States,['Human Rights Violators'],1,True,False,True,235,4,0,accepted,[]
dcf01a15b942b0fd5c58,https://www.ice.gov/news/releases/ice-denver-levies-over-8-million-fines-local-businesses-employment-violations,ICE Denver levies over $8 million in fines on local businesses for employment violations,2025-04-28,2025-04-29,2025,2025-04,1,Denver,CO,United States,['Worksite Enforcement'],1,False,False,True,217,11,0,accepted,[]
34547b6ed21301bfa17c,https://www.ice.gov/news/releases/ice-denver-officers-arrest-illegal-mexican-national-charged-assault-and-kidnapping,ICE Denver officers arrest illegal Mexican national charged with assault and kidnapping,2025-01-31,2025-06-13,2025,2025-01,133,Denver,CO,United States,['Enforcement and Removal'],1,False,True,True,268,7,0,accepted,[]
b435b8bb4ba397da84c5,https://www.ice.gov/news/releases/ice-denver-officers-arrest-illegal-mexican-national-charged-burglary-strangulation,"ICE Denver officers arrest illegal Mexican national charged with burglary, strangulation and kidnapping",2025-01-30,2025-06-13,2025,2025-01,134,Denver,CO,United States,['Enforcement and Removal'],1,False,False,True,209,7,0,accepted,[]
c4578f697c6cf7a5850b,https://www.ice.gov/news/releases/ice-denver-removes-man-wanted-el-salvador,ICE Denver removes man wanted in El Salvador,2025-03-28,2025-06-13,2025,2025-03,77,Denver,CO,United States,['Enforcement and Removal'],1,False,True,True,198,6,0,accepted,[]
0fbb04b7060c4d086f07,https://www.ice.gov/news/releases/ice-deports-criminal-illegal-alien-who-fled-scene-fatal-florida-car-accident-then,"ICE deports criminal illegal alien who fled the scene of fatal Florida car accident, then swapped vehicles with her boyfriend",2026-04-21,2026-04-21,2026,2026-04,0,Miami,FL,United States,['Enforcement and Removal'],1,True,True,True,323,7,0,accepted,[]
3cbf127fb8249284dc96,https://www.ice.gov/news/releases/ice-deports-dangerous-criminal-alien-wanted-mexico-links-el-chapo,ICE deports dangerous criminal alien wanted in Mexico with links to El Chapo,2025-08-21,2025-08-21,2025,2025-08,0,Los Angeles,CA,United States,['Enforcement and Removal'],1,False,True,True,121,3,0,accepted,[]
750ded2486e3694b3735,https://www.ice.gov/news/releases/ice-deports-jamaican-criminal-illegal-alien-convicted-murdering-father-7,ICE deports Jamaican criminal illegal alien convicted of murdering a father of 7,2026-02-25,2026-03-03,2026,2026-02,6,Washington,DC,United States,['Enforcement and Removal'],1,True,True,True,367,7,0,accepted,[]
f714ab33c5fd8904623b,https://www.ice.gov/news/releases/ice-deports-leader-18th-street-gang-faction-wanted-murderous-crime-spree-honduras,ICE deports leader of 18th Street gang faction wanted for murderous crime spree in Honduras,2025-08-13,2025-08-14,2025,2025-08,1,Houston,TX,United States,['Enforcement and Removal'],1,False,True,True,500,9,0,accepted,[]
b0387ab254930b0dcbc2,https://www.ice.gov/news/releases/ice-deports-mexican-citizen-wanted-rape,ICE deports Mexican citizen wanted for rape,2014-06-26,2025-09-04,2014,2014-06,4088,Buffalo,NY,United States,['Enforcement and Removal'],1,False,True,True,206,5,0,accepted,[]
8ae10baae19ea3ec2359,https://www.ice.gov/news/releases/ice-detainee-death-atlanta,ICE detainee death in Atlanta,2025-06-11,2025-06-11,2025,2025-06,0,Atlanta,GA,United States,['Detainee Death Notifications'],1,False,False,True,470,7,0,accepted,[]
32fd0e7f3621e69674b2,https://www.ice.gov/news/releases/ice-detainee-passes-away-banner-desert-medical-center-arizona,ICE detainee passes away at Banner Desert Medical Center in Arizona,2025-09-15,2025-09-15,2025,2025-09,0,Mesa,AZ,United States,['Detainee Death Notifications'],1,False,False,True,667,11,0,accepted,[]
8d3bd620828baebe131b,https://www.ice.gov/news/releases/ice-detainee-passes-away-georgias-robert-deyton-detention-center,ICE detainee passes away at Georgia’s Robert A. Deyton Detention Center,2026-01-16,2026-01-27,2026,2026-01,11,Lovejoy,GA,United States,['Detainee Death Notifications'],1,False,False,True,480,8,0,accepted,[]
454145855eaf5b54269f,https://www.ice.gov/news/releases/ice-detainee-passes-away-pennsylvanias-moshannon-valley-processing-center,ICE detainee passes away at Pennsylvania's Moshannon Valley Processing Center,2025-08-06,2025-08-06,2025,2025-08,0,Philipsburg,PA,United States,['Detainee Death Notifications'],1,False,False,True,453,8,0,accepted,[]
3665cdaf5fed8ec2f409,https://www.ice.gov/news/releases/ice-detroit-and-partners-take-down-international-car-theft-ring-michigan,ICE Detroit and partners take down international car theft ring in Michigan,2025-09-08,2025-09-08,2025,2025-09,0,Detroit,MI,United States,['Organized Crime'],1,False,False,True,227,4,0,accepted,[]
dd85b40dc21f5e897b18,https://www.ice.gov/news/releases/ice-detroit-arrests-convicted-arsonist-and-convicted-murderer-same-day,ICE Detroit arrests a convicted arsonist and a convicted murderer in the same day,2025-06-10,2025-06-10,2025,2025-06,0,Detroit,MI,United States,['Enforcement and Removal'],1,False,True,True,187,6,0,accepted,[]
53e3c1d10bf6e9686ef2,https://www.ice.gov/news/releases/ice-detroit-arrests-suspected-member-foreign-terrorist-organization-tren-de-aragua,ICE Detroit arrests suspected member of foreign terrorist organization Tren de Aragua,2025-07-16,2025-07-16,2025,2025-07,0,Traverse City,MI,United States,['Transnational Gangs'],1,False,True,True,238,7,0,accepted,[]
60abdd88b59f704393f7,https://www.ice.gov/news/releases/ice-detroit-arrests-unlawfully-present-citizen-mexico-hit-and-run-conviction,ICE Detroit arrests unlawfully present citizen of Mexico with hit and run conviction,2025-02-02,2025-06-13,2025,2025-02,131,Detroit,MI,United States,['Enforcement and Removal'],1,False,True,True,139,5,0,accepted,[]
207e9a9c3c96fae3ddd1,https://www.ice.gov/news/releases/ice-detroit-removes-albanian-wanted-fraud-and-bribery,ICE Detroit removes Albanian wanted for fraud and bribery,2025-03-10,2025-06-13,2025,2025-03,95,Detroit,MI,United States,['Enforcement and Removal'],1,False,True,True,209,6,0,accepted,[]
838a031befeedf6ddec9,https://www.ice.gov/news/releases/ice-detroit-removes-suspected-war-criminal-and-former-high-ranking-coup-leader-sierra,ICE Detroit removes suspected war criminal and former high-ranking coup leader to Sierra Leone,2025-09-05,2025-09-05,2025,2025-09,0,Detroit,MI,United States,"['Enforcement and Removal', 'Human Rights Violators']",2,False,True,True,440,8,0,accepted,[]
4f6a0ee1e1e9aca0ed0f,https://www.ice.gov/news/releases/ice-eagle-pass-federal-partner-investigation-results-sentencing-del-rio-man-24-years,"ICE Eagle Pass, federal partner investigation results in the sentencing of a Del Rio man to 24 years for drug trafficking",2025-04-28,2025-04-28,2025,2025-04,0,Del Rio,TX,United States,['Narcotics'],1,False,False,True,233,6,0,accepted,[]
6e294ea1b341e359e128,https://www.ice.gov/news/releases/ice-el-paso-arrests-3-venezuelan-nationals-including-2-known-tren-de-aragua,"ICE El Paso arrests 3 Venezuelan nationals, including 2 known Tren de Aragua associates",2025-02-03,2025-06-12,2025,2025-02,129,El Paso,TX,United States,['Enforcement and Removal'],1,False,True,True,134,4,0,accepted,[]
c7468fb1de12176300b8,https://www.ice.gov/news/releases/ice-el-paso-arrests-38-illegal-aliens-encounters-3-children-construction-sites-during,"ICE El Paso arrests 38 illegal aliens, encounters 3 children at construction sites during 9-day, multiagency operation",2026-02-24,2026-02-24,2026,2026-02,0,El Paso,TX,United States,['Enforcement and Removal'],1,False,True,True,426,12,0,accepted,[]
00289a7f8b880451caa5,https://www.ice.gov/news/releases/ice-el-paso-arrests-previously-removed-mexican-national,ICE El Paso arrests previously removed Mexican national,2025-02-03,2025-06-13,2025,2025-02,130,El Paso,TX,United States,['Enforcement and Removal'],1,False,True,True,92,4,0,accepted,[]
862ade69c0f386f696bb,https://www.ice.gov/news/releases/ice-el-paso-investigation-results-2-mexican-nationals-2-us-citizens-charged,"ICE El Paso investigation results in 2 Mexican nationals, 2 US citizens charged in conspiracy to smuggle children from Mexico",2025-09-15,2025-09-29,2025,2025-09,14,El Paso,TX,United States,['Human Smuggling/Trafficking'],1,False,True,True,256,4,0,accepted,[]
7fe9606527eac2a30e0e,https://www.ice.gov/news/releases/ice-encounters-indian-national-jail-trafficking-13m-drugs-following-florida-highway,ICE encounters Indian national in jail for trafficking $13M in drugs following Florida Highway Patrol arrest,2026-04-27,2026-04-27,2026,2026-04,0,Washington,DC,United States,['Enforcement and Removal'],1,True,True,True,210,6,0,accepted,[]
c31745f0eb38d0eacacb,https://www.ice.gov/news/releases/ice-ero-baltimore-arrests-salvadoran-gang-member-weapons-charges,ICE ERO Baltimore arrests Salvadoran gang member with weapons charges,2025-01-28,2025-01-28,2025,2025-01,0,Baltimore,MD,United States,['Enforcement and Removal'],1,False,True,True,280,6,0,accepted,[]
4582ef8d15ed963c4e3f,https://www.ice.gov/news/releases/ice-ero-boston-arrests-haitian-gang-member-numerous-convictions,ICE ERO Boston arrests Haitian gang member with numerous convictions,2025-01-24,2025-06-12,2025,2025-01,139,Boston,MA,United States,['Enforcement and Removal'],1,False,True,True,449,9,0,accepted,[]
2180c86f44428de86c43,https://www.ice.gov/news/releases/ice-ero-boston-arrests-illegal-ms-13-member-charged-firearms-drug-crimes,"ICE ERO Boston arrests illegal MS-13 member charged with firearms, drug crimes",2025-01-29,2025-06-13,2025,2025-01,135,Boston,MA,United States,['Enforcement and Removal'],1,False,True,True,510,12,0,accepted,[]
af7d3f441126be0a64ee,https://www.ice.gov/news/releases/ice-ero-newark-arrests-illegally-present-venezuelan-wanted-overseas-homicide,ICE ERO Newark arrests illegally present Venezuelan wanted overseas for homicide,2025-05-02,2025-06-13,2025,2025-05,42,Newark,NJ,United States,['Enforcement and Removal'],1,False,True,True,285,8,0,accepted,[]
ab202d93f378ef7f198f,https://www.ice.gov/news/releases/ice-ero-newark-arrests-peruvian-wanted-child-rape-overseas,ICE ERO Newark arrests Peruvian wanted for child rape overseas,2025-02-13,2025-06-13,2025,2025-02,120,Newark,NJ,United States,['Enforcement and Removal'],1,False,False,True,214,5,0,accepted,[]
c615e9cee53749b7687e,https://www.ice.gov/news/releases/ice-ero-san-francisco-arrests-guatemalan-citizen-convicted-lewd-acts-minor,ICE ERO San Francisco arrests Guatemalan citizen convicted of lewd acts with a minor,2025-01-23,2025-01-27,2025,2025-01,4,San Francisco,CA,United States,['Enforcement and Removal'],1,False,True,True,178,6,0,accepted,[]
f3d70f3c1f2401eb2cb3,https://www.ice.gov/news/releases/ice-europol-law-enforcement-partners-dismantle-major-illicit-drug-networks-global,"ICE, Europol, law enforcement partners, dismantle major illicit drug networks in global Darknet crackdown",2025-05-22,2025-08-21,2025,2025-05,91,Washington,DC,United States,['Narcotics'],1,True,True,True,2558,28,0,accepted,[]
87e59ebbe6de8369524b,https://www.ice.gov/news/releases/ice-executes-federal-search-warrant-buckeye-fire-equipment-company,ICE executes federal search warrant at Buckeye Fire Equipment Company,2025-06-26,2025-06-26,2025,2025-06,0,Kings Mountain,NC,United States,['Financial Crimes'],1,False,False,True,260,6,0,accepted,[]
c5be0288afe57f02b5f8,https://www.ice.gov/news/releases/ice-executes-federal-search-warrant-local-rental-equipment-business,ICE executes federal search warrant at local rental equipment business,2025-02-21,2025-06-13,2025,2025-02,112,San Juan,PR,United States,['Worksite Enforcement'],1,False,True,True,225,6,0,accepted,[]
60ff85451625ba5c032d,https://www.ice.gov/news/releases/ice-expands-detention-capacity-delaney-hall-facility-new-jersey,ICE expands detention capacity with Delaney Hall Facility in New Jersey,2025-02-26,2025-02-27,2025,2025-02,1,Washington,DC,United States,['Statement'],1,False,False,True,119,3,0,accepted,[]
1bb0b14520229fab700f,https://www.ice.gov/news/releases/ice-expands-detention-capacity-glades-county-jail-florida,ICE expands detention capacity with Glades County Jail in Florida,2025-04-02,2025-04-03,2025,2025-04,1,Miami,FL,United States,['Enforcement and Removal'],1,False,False,True,134,3,0,accepted,[]
ef91760ec5268a717347,https://www.ice.gov/news/releases/ice-expands-federal-police-brazil-partnership-new-memorandum-understanding,ICE expands Federal Police of Brazil partnership in new memorandum of understanding,2025-04-28,2025-08-26,2025,2025-04,120,Washington,DC,United States,"['Partnership and Engagement', 'National Security']",2,False,True,True,269,8,0,accepted,[]
5c3d5fdbd506ae09b3ae,https://www.ice.gov/news/releases/ice-fbi-arrest-high-ranking-ms-13-leader-who-controlled-gang-activities-us-mexico,"ICE, FBI arrest high-ranking MS-13 leader who controlled gang activities in US, Mexico, Europe",2025-03-03,2025-06-13,2025,2025-03,102,Baltimore,MD,United States,"['Transnational Gangs', 'Enforcement and Removal']",2,False,True,True,318,10,0,accepted,[]
d9d8db0975d3fa199ee6,https://www.ice.gov/news/releases/ice-fbi-arrest-illegally-present-criminal-alien-coachella-calif,"ICE, FBI arrest illegally present criminal alien in Coachella, Calif.",2025-02-26,2025-06-13,2025,2025-02,107,Los Angeles,CA,United States,['Enforcement and Removal'],1,False,True,True,218,6,0,accepted,[]
d047de4a880976dffeb2,https://www.ice.gov/news/releases/ice-fbi-investigation-reveals-illegal-alien-guatemala-fraudulently-sponsored,"ICE, FBI investigation reveals illegal alien from Guatemala fraudulently sponsored unaccompanied alien children",2025-05-14,2025-05-14,2025,2025-05,0,Washington,DC,United States,['Human Smuggling/Trafficking'],1,False,True,True,1078,17,0,accepted,[]
82c70e37606f5a4c1786,https://www.ice.gov/news/releases/ice-federal-partner-investigation-results-2-men-convicted-1-extradited-guatemala-role,"ICE, federal partner investigation results in 2 men convicted, 1 extradited from Guatemala for role in 2022 San Antonio alien smuggling mass casualty incident",2025-03-21,2025-06-13,2025,2025-03,84,San Antonio,TX,United States,['Human Smuggling/Trafficking'],1,False,True,True,1112,14,0,accepted,[]
074500ab7ca279864b4c,https://www.ice.gov/news/releases/ice-federal-partners-arrest-133-alien-offenders-during-enhanced-operation-new-york,"ICE, federal partners arrest 133 alien offenders during enhanced operation in New York",2025-04-04,2025-06-13,2025,2025-04,70,Buffalo,NY,United States,['Enforcement and Removal'],1,False,False,True,561,18,0,accepted,[]
7a6fa88759c52dabff27,https://www.ice.gov/news/releases/ice-federal-partners-arrest-alien-fugitive-wanted-homicide-dominican-republic,"ICE, federal partners arrest alien fugitive wanted for homicide in Dominican Republic",2025-04-04,2025-06-13,2025,2025-04,70,Lawrence,MA,United States,['Enforcement and Removal'],1,True,True,True,232,7,0,accepted,[]
02044553fda6ed0a9ef2,https://www.ice.gov/news/releases/ice-federal-partners-arrest-brazilian-charged-sex-crimes-against-massachusetts-child,"ICE, federal partners arrest Brazilian charged with sex crimes against Massachusetts child",2025-04-14,2025-06-13,2025,2025-04,60,Falmouth,MA,United States,['Enforcement and Removal'],1,False,True,True,346,9,0,accepted,[]
56516fc833229ddce360,https://www.ice.gov/news/releases/ice-federal-partners-arrest-criminal-illegal-alien-el-salvador-convicted-murder,"ICE, federal partners arrest criminal illegal alien from El Salvador convicted of murder",2026-02-24,2026-02-24,2026,2026-02,0,New York,NY,United States,['Enforcement and Removal'],1,True,True,True,436,7,0,accepted,[]
fa40fef033d49fffa96f,https://www.ice.gov/news/releases/ice-federal-partners-arrest-dominican-alien-convicted-sex-crime-massachusetts,"ICE, federal partners arrest Dominican alien convicted of sex crime in Massachusetts",2025-04-15,2025-06-13,2025,2025-04,59,Worcester,MA,United States,['Enforcement and Removal'],1,False,True,True,276,9,0,accepted,[]
c43a417368849cd6c3fe,https://www.ice.gov/news/releases/ice-federal-partners-arrest-honduran-alien-illegally-reentering-us-after-2,"ICE, federal partners arrest Honduran alien for illegally reentering US after 2 deportations",2025-04-21,2025-06-13,2025,2025-04,53,Brockton,MA,United States,['Enforcement and Removal'],1,True,True,True,403,7,0,accepted,[]
4b693ef57fb3a0fca295,https://www.ice.gov/news/releases/ice-federal-partners-arrest-illegal-dominican-national-charged-armed-robbery,"ICE, federal partners arrest illegal Dominican national charged with armed robbery in Massachusetts",2025-05-07,2025-06-13,2025,2025-05,37,Boston,MA,United States,['Enforcement and Removal'],1,True,True,True,304,8,0,accepted,[]
42e628bad42993a9d92d,https://www.ice.gov/news/releases/ice-federal-partners-arrest-illegal-guatemalan-sex-offender-northern-virginia,"ICE, federal partners arrest illegal Guatemalan sex offender in Northern Virginia",2025-04-07,2025-06-13,2025,2025-04,67,Falls Church,VA,United States,['Enforcement and Removal'],1,True,True,True,288,8,0,accepted,[]
6fb6db5bea5823abf54b,https://www.ice.gov/news/releases/ice-federal-partners-arrest-illegal-honduran-national-charged-incest-sex-crimes,"ICE, federal partners arrest illegal Honduran national charged with incest, sex crimes in Virginia",2025-04-15,2025-06-13,2025,2025-04,59,Herndon,VA,United States,['Enforcement and Removal'],1,False,True,True,320,9,0,accepted,[]
8ad61b96eed75bcf6477,https://www.ice.gov/news/releases/ice-federal-partners-arrest-more-1400-illegal-aliens-massachusetts-during-patriot-20,"ICE, federal partners arrest more than 1,400 illegal aliens in Massachusetts during Patriot 2.0, including murderers, rapists, drug traffickers, child sex predators and members of violent transnational criminal gangs",2025-10-16,2026-05-08,2025,2025-10,204,Boston,MA,United States,['Enforcement and Removal'],1,True,True,True,2015,41,0,accepted,[]
d2dbeacca60b9043ac53,https://www.ice.gov/news/releases/ice-federal-partners-arrest-nearly-1500-illegal-aliens-massachusetts-during,"ICE, federal partners arrest nearly 1,500 illegal aliens in Massachusetts during immigration enforcement operation",2025-06-02,2025-06-18,2025,2025-06,16,Boston,MA,United States,['Enforcement and Removal'],1,True,True,True,2232,46,0,accepted,[]
20881a57bfcaafc7406c,https://www.ice.gov/news/releases/ice-federal-partners-assaulted-during-largest-worksite-enforcement-operation-nebraska,"ICE, federal partners assaulted during largest worksite enforcement operation in Nebraska under Trump administration",2025-06-11,2025-06-11,2025,2025-06,0,Omaha,NE,United States,['Worksite Enforcement'],1,False,True,True,586,11,0,accepted,[]
71c325b0034244336c1f,https://www.ice.gov/news/releases/ice-federal-partners-conduct-immigration-enforcement-operations-nantucket-marthas,"ICE, federal partners conduct immigration enforcement operations on Nantucket, Martha’s Vineyard",2025-05-28,2025-06-13,2025,2025-05,16,Cape Cod,MA,United States,['Enforcement and Removal'],1,False,True,True,362,7,0,accepted,[]
e3b0628c40551633985c,https://www.ice.gov/news/releases/ice-forced-arrest-convicted-drug-dealer-street-due-noncompliance-immigration-detainer,ICE forced to arrest convicted drug dealer on the street due to noncompliance with immigration detainer,2025-03-05,2025-06-13,2025,2025-03,100,Philadelphia,PA,United States,['Enforcement and Removal'],1,False,True,True,409,7,0,accepted,[]
a5a83bd1f5d1235012a5,https://www.ice.gov/news/releases/ice-gulfport-worksite-enforcement-operation-results-multiple-arrests,ICE Gulfport worksite enforcement operation results in multiple arrests,2025-02-25,2025-02-26,2025,2025-02,1,Pass Christian,MS,United States,['Worksite Enforcement'],1,False,True,True,250,4,0,accepted,[]
718023dbda4eca71c5e6,https://www.ice.gov/news/releases/ice-harris-county-sheriffs-office-arrest-multiple-criminal-illegal-aliens-accused,"ICE, Harris County Sheriff’s Office arrest multiple criminal illegal aliens accused of repeatedly raping 12-year-old child smuggled into US during Obama administration",2025-11-14,2025-11-18,2025,2025-11,4,Houston,TX,United States,['Child Exploitation'],1,True,True,True,470,10,0,accepted,[]
cc55944856c70505fca0,https://www.ice.gov/news/releases/ice-harrisonburg-arrests-illegal-alien-extensive-criminal-history,ICE Harrisonburg arrests illegal alien with extensive criminal history,2026-02-25,2026-02-25,2026,2026-02,0,Strasburg,VA,United States,"['Enforcement and Removal', 'Narcotics', 'Transnational Gangs']",3,True,True,True,366,11,0,accepted,[]
0564616d4c41d54c7154,https://www.ice.gov/news/releases/ice-helps-arrest-28-illegal-aliens-during-operation-pick,ICE helps arrest 28 illegal aliens during Operation Pick Off,2025-09-29,2025-09-30,2025,2025-09,1,Harlingen,TX,United States,['Enforcement and Removal'],1,False,True,True,190,4,0,accepted,[]
8c51312c371cc5217e03,https://www.ice.gov/news/releases/ice-hold-hiring-event-arlington-texas-seeks-officers-and-attorneys-support-public,"ICE to hold hiring event in Arlington, Texas; seeks officers and attorneys to support public safety mission",2025-08-22,2025-08-22,2025,2025-08,0,Arlington,TX,United States,['Statement'],1,False,False,True,190,4,0,accepted,[]
98533227d50100654d17,https://www.ice.gov/news/releases/ice-homeland-security-investigations-supports-seizure-venezuelan-aircraft-involved,ICE Homeland Security Investigations supports seizure of Venezuelan aircraft involved in violations of US export control and sanctions laws,2025-02-07,2025-02-10,2025,2025-02,3,Washington,DC,United States,['National Security'],1,False,False,True,754,14,0,accepted,[]
64afe07b615bea34c96a,https://www.ice.gov/news/releases/ice-homeland-security-task-force-partners-investigate-cockfighting-operation-illegal,"ICE, Homeland Security Task Force, partners investigate cockfighting operation, illegal immigration and other crimes",2025-06-16,2025-06-16,2025,2025-06,0,Huntsville,AL,United States,['Organized Crime'],1,False,False,True,350,13,0,accepted,[]
0a1505b19ef7e6ddcff5,https://www.ice.gov/news/releases/ice-houston-apprehends-2-previously-removed-criminal-aliens-convicted-child-sex,"ICE Houston apprehends 2 previously removed criminal aliens convicted of child sex offenses, other violent crimes",2025-01-31,2025-01-31,2025,2025-01,0,Houston,TX,United States,['Enforcement and Removal'],1,False,False,True,364,6,0,accepted,[]
74f9baccda15e9d3978d,https://www.ice.gov/news/releases/ice-houston-arrests-277-illegal-aliens-just-2-weeks-including-child-predators,"ICE Houston arrests 277 illegal aliens in just 2 weeks, including child predators, murderers, drug traffickers, foreign fugitives, gang bangers",2026-04-22,2026-04-22,2026,2026-04,0,Houston,TX,United States,['Enforcement and Removal'],1,True,True,True,1779,47,0,accepted,[]
69518c6e04124b666b59,https://www.ice.gov/news/releases/ice-houston-arrests-422-illegal-aliens-deports-528-during-week-long-operation-aimed,"ICE Houston arrests 422 illegal aliens, deports 528 during week-long operation aimed at bolstering public safety",2025-05-13,2025-08-15,2025,2025-05,94,Houston,TX,United States,['Enforcement and Removal'],1,False,True,True,902,19,0,accepted,[]
bf7915b6261c62da653e,https://www.ice.gov/news/releases/ice-houston-arrests-822-criminal-aliens-gang-members-convicted-murders-child,"ICE Houston arrests 822 criminal aliens, gang members, convicted murders, child predators, foreign fugitives and egregious immigration offenders during weeklong operation",2025-09-08,2025-09-08,2025,2025-09,0,Houston,TX,United States,['Enforcement and Removal'],1,False,True,True,690,18,0,accepted,[]
a15c0987c5f46db9829a,https://www.ice.gov/news/releases/ice-houston-arrests-criminal-alien-arsonist-who-has-illegally-entered-us-3-times,ICE Houston arrests criminal alien arsonist who has illegally entered US 3 times,2025-04-29,2025-06-13,2025,2025-04,45,Houston,TX,United States,['Enforcement and Removal'],1,False,True,True,381,5,0,accepted,[]
afef5b42878f75024638,https://www.ice.gov/news/releases/ice-houston-arrests-illegal-alien-and-suspected-ms-13-gang-member-stuck-local,ICE Houston arrests illegal alien and suspected MS-13 gang member stuck on local business sign after attempting to flee,2025-10-30,2025-10-30,2025,2025-10,0,Houston,TX,United States,['Enforcement and Removal'],1,False,True,True,224,4,0,accepted,[]
1116b81cf5d21b31d405,https://www.ice.gov/news/releases/ice-houston-arrests-more-350-gang-members-past-6-months-who-illegally-entered-us-over,"ICE Houston arrests more than 350 gang members in past 6 months who illegally entered US over 1,400 times, been convicted of nearly 1,700 criminal offenses",2025-08-08,2025-08-08,2025,2025-08,0,Houston,TX,United States,['Enforcement and Removal'],1,True,True,True,1095,23,0,accepted,[]
ffaee1cd0b80e0a11edf,https://www.ice.gov/news/releases/ice-houston-arrests-more-3500-criminal-illegal-aliens-child-predators-and-murderers,"ICE Houston arrests more than 3,500 criminal illegal aliens, child predators and murderers during shutdown",2025-11-18,2025-11-18,2025,2025-11,0,Houston,TX,United States,['Enforcement and Removal'],1,True,False,True,1442,34,0,accepted,[]
cc8029d4b32ae9d74a2a,https://www.ice.gov/news/releases/ice-houston-arrests-over-1500-criminal-aliens-gang-members-foreign-fugitives-and,"ICE Houston arrests over 1,500 criminal aliens, gang members, foreign fugitives and immigration offenders during 10-day operation",2025-11-05,2026-05-08,2025,2025-11,184,Houston,TX,United States,['Enforcement and Removal'],1,False,True,True,1089,21,0,accepted,[]
5f304904b3da95a3d3b1,https://www.ice.gov/news/releases/ice-houston-arrests-over-400-criminal-illegal-alien-child-sex-offenders-president,ICE Houston arrests over 400 criminal illegal alien child sex offenders in President Trump’s first year back in office,2026-03-09,2026-03-12,2026,2026-03,3,Houston,TX,United States,['Enforcement and Removal'],1,True,True,True,849,17,0,accepted,[]
d1fa02ebb86eda062a55,https://www.ice.gov/news/releases/ice-houston-deports-142-criminal-aliens-mexico-past-2-weeks-who-group-have-been,"ICE Houston deports 142 criminal aliens to Mexico in past 2 weeks who as a group have been convicted of 473 crimes, illegally entered US 480 times",2025-06-03,2025-06-18,2025,2025-06,15,Houston,TX,United States,['Enforcement and Removal'],1,True,True,True,801,35,0,accepted,[]
f607f1944f48f4eb4f4f,https://www.ice.gov/news/releases/ice-houston-deports-174-criminal-aliens-mexico-2-weeks-who-account-610-criminal,ICE Houston deports 174 criminal aliens to Mexico in 2 weeks who account for 610 criminal convictions as a group,2025-04-03,2025-06-13,2025,2025-04,71,Houston,TX,United States,['Enforcement and Removal'],1,False,False,True,511,20,0,accepted,[]
2f253efa89a2fb786263,https://www.ice.gov/news/releases/ice-houston-deports-6-time-removed-criminal-alien-mexico-6-convictions-dwi-6-theft,"ICE Houston deports 6-time removed criminal alien to Mexico with 6 convictions for DWI, 6 for theft",2025-03-14,2025-06-13,2025,2025-03,91,Houston,TX,United States,['Enforcement and Removal'],1,False,True,True,344,6,0,accepted,[]
cba24814f918f72e41f9,https://www.ice.gov/news/releases/ice-houston-deports-8-time-removed-criminal-alien-convicted-kidnapping-mexico,ICE Houston deports 8-time removed criminal alien convicted of kidnapping to Mexico,2025-03-14,2025-06-13,2025,2025-03,91,Houston,TX,United States,['Enforcement and Removal'],1,False,True,True,232,5,0,accepted,[]
295899c6bc7954b6d018,https://www.ice.gov/news/releases/ice-houston-deports-accused-murderer-mexico-who-has-been-run-20-years,ICE Houston deports accused murderer to Mexico who has been on the run for 20 years,2025-05-23,2025-06-13,2025,2025-05,21,Houiston,TX,United States,['Enforcement and Removal'],1,False,True,True,309,6,0,accepted,[]
8e09b5d3403b6d9e5c33,https://www.ice.gov/news/releases/ice-houston-deports-convicted-child-predator-who-has-illegally-entered-us-3-times,ICE Houston deports convicted child predator who has illegally entered US 3 times,2025-05-28,2025-06-13,2025,2025-05,16,Houston,TX,United States,"['Enforcement and Removal', 'Child Exploitation']",2,False,True,True,379,8,0,accepted,[]
a34fb0d9ea29ca9f046c,https://www.ice.gov/news/releases/ice-houston-lodges-detainers-2-criminal-illegal-aliens-arrested-intoxicated,ICE Houston lodges detainers on 2 criminal illegal aliens arrested for intoxicated manslaughter in past month,2026-03-04,2026-03-04,2026,2026-03,0,Houston,TX,United States,['Enforcement and Removal'],1,True,True,True,936,20,0,accepted,[]
eedb78959b11e280c607,https://www.ice.gov/news/releases/ice-houston-operation-results-42-arrests-including-criminal-alien-convicted,"ICE Houston operation results in 42 arrests, including criminal alien convicted of assaulting 2 law enforcement officers",2025-08-06,2025-08-06,2025,2025-08,0,Houston,TX,United States,['Enforcement and Removal'],1,False,True,True,397,9,0,accepted,[]
14f6af06f412cc335eba,https://www.ice.gov/news/releases/ice-houston-removes-foreign-fugitive-wanted-aggravated-homicide,ICE Houston removes foreign fugitive wanted for aggravated homicide,2025-04-10,2025-08-15,2025,2025-04,127,Houston,TX,United States,['Enforcement and Removal'],1,False,True,True,401,6,0,accepted,[]
2f4e8ad4527e4444b355,https://www.ice.gov/news/releases/ice-houston-removes-guatemalan-fugitive-wanted-criminal-impersonation,ICE Houston removes Guatemalan fugitive wanted for criminal impersonation,2025-03-27,2025-06-13,2025,2025-03,78,Houston,TX,United States,['Enforcement and Removal'],1,False,True,True,318,6,0,accepted,[]
9cfd583a78a3080c50ff,https://www.ice.gov/news/releases/ice-houston-removes-honduran-fugitive-wanted-murder,ICE Houston removes Honduran fugitive wanted for murder,2025-04-04,2025-06-13,2025,2025-04,70,Houston,TX,United States,['Enforcement and Removal'],1,False,True,True,474,8,0,accepted,[]
d021a1f50893383aea2c,https://www.ice.gov/news/releases/ice-houston-removes-previously-deported-criminal-alien-mexico-convicted-manslaughter,ICE Houston removes previously deported criminal alien to Mexico convicted of manslaughter,2025-03-18,2025-06-13,2025,2025-03,87,Houston,TX,United States,['Enforcement and Removal'],1,False,True,True,191,5,0,accepted,[]
b1d8664b6cc8ee32e88e,https://www.ice.gov/news/releases/ice-hsi-and-federal-partners-arrest-criminal-illegal-alien-and-his-son-illegally,ICE HSI and federal partners arrest a criminal illegal alien and his son for illegally trafficking over 70 firearms,2025-12-01,2025-12-08,2025,2025-12,7,Tulsa,OK,United States,"['Firearms, Ammunition and Explosives']",1,True,False,True,441,9,0,accepted,[]
116501e9d7894f1d9d1e,https://www.ice.gov/news/releases/ice-hsi-arrests-sister-corrupt-official-profiteering-cuban-military-controlled,ICE HSI arrests sister of corrupt official profiteering from Cuban military-controlled organization,2026-05-21,2026-05-22,2026,2026-05,1,Washington,DC,United States,['Enforcement and Removal'],1,True,True,True,451,9,0,accepted,[]
dd29a939710022f06e69,https://www.ice.gov/news/releases/ice-hsi-assists-perus-national-police-large-joint-operation-arrest-tren-de-aragua,ICE HSI assists Peru’s National Police in large joint operation to arrest Tren de Aragua members,2025-02-10,2025-02-10,2025,2025-02,0,Lima,Peru,Peru,"['Transnational Gangs', 'Human Smuggling/Trafficking']",2,False,False,True,325,6,0,accepted,[]
d189fab17b101c3c9c7c,https://www.ice.gov/news/releases/ice-hsi-buffalo-arrests-convicted-sex-offender-illegally-present-us,ICE HSI Buffalo arrests convicted sex offender illegally present in US,2025-06-09,2025-06-09,2025,2025-06,0,Buffalo,NY,United States,['Enforcement and Removal'],1,False,True,True,167,4,0,accepted,[]
0672fcb5aafb2c6f38a6,https://www.ice.gov/news/releases/ice-hsi-gulfport-partners-investigate-illegal-immigration-cockfighting-operations,"ICE HSI Gulfport, partners, investigate illegal immigration, cockfighting operations",2025-05-05,2025-05-06,2025,2025-05,1,Gulfport,MS,United States,['Enforcement and Removal'],1,False,True,True,429,9,0,accepted,[]
972936708f7721018e0e,https://www.ice.gov/news/releases/ice-hsi-new-england-investigation-leads-recovery-over-300000-victim-computer-support,"ICE HSI New England investigation leads to recovery of over $300,000 to victim of a computer support scam",2025-02-12,2025-06-13,2025,2025-02,121,Hartford,CT,United States,"['Cyber Crimes', 'Financial Crimes']",2,False,False,True,502,6,0,accepted,[]
3b39a89c177fbe28b3de,https://www.ice.gov/news/releases/ice-hsi-rgv-law-enforcement-partners-arrest-member-cartel-del-golfo-during-routine,"ICE HSI RGV, law enforcement partners arrest member of Cartel del Golfo during routine enforcement action",2025-02-11,2025-08-14,2025,2025-02,184,Harlingen,TX,United States,"['Transnational Gangs', 'Enforcement and Removal']",2,False,True,True,157,5,0,accepted,[]
e3fcc09ac75f7492fae8,https://www.ice.gov/news/releases/ice-hsi-san-antonio-and-our-law-enforcement-partners-arrest-dangerous-criminal-aliens,ICE HSI San Antonio and our law enforcement partners arrest dangerous criminal aliens during South Texas enforcement action,2025-02-10,2025-02-10,2025,2025-02,0,San Antonio,TX,United States,['Enforcement and Removal'],1,False,True,True,238,8,0,accepted,[]
4e44df59d7b3a54ccdd1,https://www.ice.gov/news/releases/ice-hsi-san-antonio-and-our-law-enforcement-partners-arrest-tren-de-aragua-gang,ICE HSI San Antonio and our law enforcement partners arrest a Tren de Aragua gang member during enforcement action,2025-02-11,2025-02-12,2025,2025-02,1,San Antonio,TX,United States,"['Transnational Gangs', 'Enforcement and Removal']",2,False,True,True,224,5,0,accepted,[]
f38a177993b25f4171a4,https://www.ice.gov/news/releases/ice-hsi-washington-dc-investigation-lands-illegal-dominican-alien-more-15-years,"ICE HSI Washington, D.C. investigation lands illegal Dominican alien more than 15 years in prison",2025-02-28,2025-06-13,2025,2025-02,105,Richmond,VA,United States,['Narcotics'],1,False,True,True,406,8,0,accepted,[]
83d02526f93501663057,https://www.ice.gov/news/releases/ice-hstf-announces-return-alleged-prolific-drug-trafficker-chinese-national-mexico,"ICE HSTF announces return of alleged prolific drug trafficker & Chinese National from Mexico to face international narcotics, money laundering charges",2025-12-09,2025-12-09,2025,2025-12,0,Washington,DC,United States,"['Narcotics', 'Financial Crimes']",2,True,False,True,954,27,0,accepted,[]
062467ba0e09f9f11c6f,https://www.ice.gov/news/releases/ice-indianapolis-arrests-venezuelan-citizen-ties-tren-de-aragua-wanted-chilean,ICE Indianapolis arrests Venezuelan citizen with ties to Tren de Aragua wanted by Chilean authorities for kidnapping charges,2025-02-13,2025-03-12,2025,2025-02,27,Indianapolis,IN,United States,"['Organized Crime', 'Transnational Gangs']",2,False,True,True,209,6,0,accepted,[]
f2b4fb08158e4c1c7873,https://www.ice.gov/news/releases/ice-international-law-enforcement-partners-conduct-tradewinds-2025-trinidad-and,"ICE, international law enforcement partners, conduct TRADEWINDS 2025 in Trinidad and Tobago",2025-05-06,2025-06-13,2025,2025-05,38,Washington,DC,United States,['Partnership and Engagement'],1,False,False,True,505,10,0,accepted,[]
add7618960ab46db3e81,https://www.ice.gov/news/releases/ice-international-partners-conduct-operation-renewed-hope-iii-identify-and-rescue,"ICE, international partners conduct Operation Renewed Hope III to identify and rescue child victims of online exploitation",2025-03-10,2026-05-19,2025,2025-03,435,Washington,DC,United States,['Child Exploitation'],1,False,True,True,781,15,0,accepted,[]
2b0c5df36dda72cf0ca7,https://www.ice.gov/news/releases/ice-intervenes-protects-community-after-local-prison-releases-2-illegal-alien-child,"ICE intervenes, protects community after local prison releases 2 illegal alien child predators",2025-08-18,2025-08-18,2025,2025-08,0,Buffalo,NY,United States,['Enforcement and Removal'],1,False,True,True,230,6,0,accepted,[]
a0e55c56b63d4d908865,https://www.ice.gov/news/releases/ice-investigation-leads-20-year-prison-sentence-man-who-sold-fentanyl-caused-fatal,ICE investigation leads to 20-year prison sentence for man who sold fentanyl that caused fatal overdoses,2025-08-08,2025-08-08,2025,2025-08,0,Buffalo,NY,United States,['Narcotics'],1,False,False,True,84,3,0,accepted,[]
4aa04bbcea59dd0fab45,https://www.ice.gov/news/releases/ice-investigation-leads-30-year-sentence-production-distribution-child-exploitation,"ICE investigation leads to 30-year sentence for production, distribution of child exploitation material",2025-04-17,2026-05-19,2025,2025-04,397,Los Angeles,CA,United States,['Child Exploitation'],1,False,False,True,341,9,0,accepted,[]
2f7a8e0827e115917c29,https://www.ice.gov/news/releases/ice-investigation-leads-6-charged-connection-interstate-commercial-burglaries,ICE investigation leads to 6 charged in connection with interstate commercial burglaries,2025-06-24,2025-06-24,2025,2025-06,0,Newark,NJ,United States,['Organized Crime'],1,False,False,True,554,10,0,accepted,[]
250f01af6299c91bee0b,https://www.ice.gov/news/releases/ice-investigation-leads-7-year-sentence-midland-felon,ICE investigation leads to 7-year sentence for Midland felon,2026-02-03,2026-02-03,2026,2026-02,0,Midland,TX,United States,"['Firearms, Ammunition and Explosives', 'Narcotics']",2,False,False,True,292,7,0,accepted,[]
3fbd853e23e4120bfc07,https://www.ice.gov/news/releases/ice-investigation-leads-8-criminal-arrests-and-charges-trinitarios-gang-members,ICE investigation leads to 8 criminal arrests and charges for Trinitarios gang members,2025-02-19,2025-02-19,2025,2025-02,0,Boston,MA,United States,"['Transnational Gangs', 'Enforcement and Removal']",2,False,False,True,1475,18,0,accepted,[]
a5d67b5ca36fd2b1b41d,https://www.ice.gov/news/releases/ice-investigation-leads-arrest-criminal-illegal-alien-guatemala-employing-illegal,ICE investigation leads to arrest of criminal illegal alien from Guatemala for employing illegal aliens in Idaho,2026-03-05,2026-03-05,2026,2026-03,0,Boise,ID,United States,"['Human Smuggling/Trafficking', 'Worksite Enforcement']",2,False,True,True,291,6,0,accepted,[]
9ed36f458b6c8a7140c6,https://www.ice.gov/news/releases/ice-investigation-leads-charges-against-rwandan-man-concealing-role-perpetrator,ICE investigation leads to charges against Rwandan man for concealing role as perpetrator of genocide,2025-04-28,2025-04-29,2025,2025-04,1,New York,NY,United States,['Human Rights Violators'],1,False,False,True,853,14,0,accepted,[]
da841154ab5b49911d61,https://www.ice.gov/news/releases/ice-investigation-leads-couple-charged-marriage-fraud-making-false-statements,"ICE investigation leads to couple charged with marriage fraud, making false statements",2025-05-30,2025-05-30,2025,2025-05,0,Newark,NJ,United States,['Document and Benefit Fraud'],1,False,False,True,293,6,0,accepted,[]
19188808896af4e3b5fd,https://www.ice.gov/news/releases/ice-investigation-leads-extradition-racketeering-charge-international-ms-13-gang,"ICE investigation leads to extradition, racketeering charge for international MS-13 gang leader",2025-03-10,2025-03-10,2025,2025-03,0,Washington,DC,United States,['Transnational Gangs'],1,False,True,True,752,15,0,accepted,[]
fc8b7faadf7a2d8fc4cb,https://www.ice.gov/news/releases/ice-investigation-leads-indictment-8-individuals-ties-china-transnational-elder-fraud,ICE investigation leads to indictment of 8 individuals with ties to China in transnational elder fraud scheme,2025-05-23,2025-05-27,2025,2025-05,4,Providence,RI,United States,['Financial Crimes'],1,False,False,True,790,17,0,accepted,[]
524f9627de4a0bbd3156,https://www.ice.gov/news/releases/ice-investigation-leads-indictment-maryland-man-supporting-armed-separatist-groups,ICE investigation leads to indictment of Maryland man for supporting armed separatist groups in Cameroon,2025-05-01,2025-06-13,2025,2025-05,43,Baltimore,MD,United States,['Human Rights Violators'],1,False,False,True,716,9,0,accepted,[]
f27eb3cd5fe5454550ce,https://www.ice.gov/news/releases/ice-investigation-leads-more-13-years-federal-prison-washington-state-man-convicted,ICE investigation leads to more than 13 years in federal prison for Washington State man convicted of coercing and sexually exploiting a minor online,2025-03-03,2026-05-19,2025,2025-03,442,Eugene,OR,United States,['Child Exploitation'],1,False,False,True,596,11,0,accepted,[]
ca2520095f08c4b95159,https://www.ice.gov/news/releases/ice-investigation-leads-nevada-mans-11-year-sentence-sex-trafficking-minor,ICE investigation leads to Nevada man’s 11-year sentence for sex trafficking a minor,2025-03-06,2025-03-06,2025,2025-03,0,Phoenix,AZ,United States,"['Child Exploitation', 'Human Smuggling/Trafficking']",2,False,False,True,356,8,0,accepted,[]
2eea47195901841266a5,https://www.ice.gov/news/releases/ice-investigation-leads-new-jersey-man-charged-possession-child-sexual-abuse-material,ICE investigation leads to New Jersey man charged with possession of child sexual abuse material,2025-08-08,2025-08-08,2025,2025-08,0,Newark,NJ,United States,['Child Exploitation'],1,False,False,True,142,3,0,accepted,[]
4c8b6b75a1e6cfcfd0f2,https://www.ice.gov/news/releases/ice-investigation-nets-10-year-sentence-leader-drug-trafficking-organization,ICE investigation nets 10-year sentence for leader of drug trafficking organization,2025-06-12,2025-06-12,2025,2025-06,0,Boston,MA,United States,['Narcotics'],1,True,False,True,263,4,0,accepted,[]
9a45dd91d8923942bd34,https://www.ice.gov/news/releases/ice-investigation-nets-2-sentences-mens-roles-operating-fentanyl-drug-mill,ICE investigation nets 2 sentences for men’s roles in operating fentanyl drug mill,2025-03-12,2025-03-12,2025,2025-03,0,Newark,NJ,United States,['Narcotics'],1,False,False,True,351,6,0,accepted,[]
2688fb10cb853843358d,https://www.ice.gov/news/releases/ice-investigation-results-former-child-family-services-caseworker-sentenced-prison,"ICE investigation results in former child, family services caseworker sentenced to prison for sexually abusing children",2025-05-27,2026-05-19,2025,2025-05,357,Newark,NJ,United States,['Child Exploitation'],1,False,False,True,622,11,0,accepted,[]
d770c1f94ee7bc2c4f13,https://www.ice.gov/news/releases/ice-investigation-results-former-liberian-rebel-general-sentenced-over-4-years,ICE investigation results in former Liberian rebel general sentenced to over 4 years for concealing serious human rights violations on immigration forms,2025-09-19,2025-09-19,2025,2025-09,0,Philadelphia,PA,United States,['Human Rights Violators'],1,False,False,True,289,5,0,accepted,[]
95e70c36e184cdebe2fd,https://www.ice.gov/news/releases/ice-investigation-results-treasury-sanctions-mexican-business-tied-sinaloa-cartel,ICE investigation results in Treasury sanctions on Mexican business tied to Sinaloa Cartel,2025-10-09,2025-10-09,2025,2025-10,0,Newark,NJ,United States,"['Narcotics', 'Transnational Gangs']",2,True,False,True,259,6,0,accepted,[]
54417a5834edb351b2e2,https://www.ice.gov/news/releases/ice-investigation-results-us-seizing-assets-related-126-million-illegal-staffing,"ICE investigation results in US seizing assets related to $126 million illegal staffing, money laundering case",2025-04-14,2025-04-14,2025,2025-04,0,Dayton,OH,United States,"['Worksite Enforcement', 'Organized Crime']",2,False,False,True,503,8,0,accepted,[]
9f5ff649316edd56bcd5,https://www.ice.gov/news/releases/ice-irs-investigation-results-federal-prison-sentences,"ICE, IRS investigation results in federal prison sentences",2025-03-20,2025-03-21,2025,2025-03,1,Jacksonville,FL,United States,['Worksite Enforcement'],1,False,False,True,873,10,0,accepted,[]
9da747423d17f97628dd,https://www.ice.gov/news/releases/ice-issues-over-1000-tentative-job-offers-shore-agencys-enforcement-efforts,"ICE issues over 1,000 tentative job offers to shore up agency’s enforcement efforts",2025-07-31,2025-07-31,2025,2025-07,0,Washington,DC,United States,['Operational'],1,True,False,True,212,5,0,accepted,[]
e56ab6c776b5ae07e497,https://www.ice.gov/news/releases/ice-joins-us-department-treasury-announcing-sanctions-against-mexico-based,ICE joins US Department of the Treasury in announcing sanctions against Mexico-based transnational criminal organization leader responsible for smuggling migrants into the US,2025-03-21,2025-03-21,2025,2025-03,0,Washington,DC,United States,['Human Smuggling/Trafficking'],1,False,False,True,510,6,0,accepted,[]
7ef817d699c673951bdb,https://www.ice.gov/news/releases/ice-joint-partner-investigation-results-illegal-alien-alleged-human-smuggler-mexico,"ICE, joint partner investigation results in illegal alien, alleged human smuggler from Mexico indictment for first material support of terrorism charges against CJNG member",2025-05-16,2025-05-19,2025,2025-05,3,Washington,DC,United States,"['Human Smuggling/Trafficking', 'National Security', 'Transnational Gangs']",3,False,True,True,1676,20,0,accepted,[]
7bb39f65a50719e9ba8a,https://www.ice.gov/news/releases/ice-laredo-federal-partner-investigation-results-arrest-texas-woman-attempting,"ICE Laredo, federal partner investigation results in the arrest of a Texas woman for attempting to smuggle 9-year-old twins through Laredo",2025-03-04,2025-03-04,2025,2025-03,0,Laredo,TX,United States,['Human Smuggling/Trafficking'],1,False,False,True,252,7,0,accepted,[]
7c6841e7bea8f4d7f389,https://www.ice.gov/news/releases/ice-laredo-federal-partners-arrest-31-illegal-aliens-during-1-day-targeted-worksite,"ICE Laredo, federal partners arrest 31 illegal aliens during a 1-day targeted worksite enforcement operation",2025-05-16,2025-06-13,2025,2025-05,28,Laredo,TX,United States,['Worksite Enforcement'],1,False,True,True,369,8,0,accepted,[]
2fc12ae2c61d8958e0fb,https://www.ice.gov/news/releases/ice-laredo-investigation-results-guilty-plea-mexican-illegal-alien-admitting,ICE Laredo investigation results in the guilty plea of a Mexican illegal alien admitting to transporting child sexual abuse material across state lines to Mexico,2025-06-17,2025-06-17,2025,2025-06,0,Laredo,TX,United States,['Child Exploitation'],1,False,False,True,369,8,0,accepted,[]
24b1e9dd0ddaaf32617c,https://www.ice.gov/news/releases/ice-laredo-law-enforcement-partners-arrest-member-mexican-mafia,"ICE Laredo, law enforcement partners arrest a member of the Mexican Mafia",2025-02-06,2025-02-14,2025,2025-02,8,Laredo,TX,United States,['Transnational Gangs'],1,False,True,True,243,5,0,accepted,[]
4fe076c6a5cf181fcd37,https://www.ice.gov/news/releases/ice-las-cruces-arrests-criminal-alien-fugitive-while-serving-arrest-warrant,ICE Las Cruces arrests a criminal alien fugitive while serving an arrest warrant,2025-09-30,2025-09-30,2025,2025-09,0,Las Cruces,NM,United States,"['Child Exploitation', 'Narcotics']",2,True,True,True,332,7,0,accepted,[]
5ed05f9ae5d1efab43eb,https://www.ice.gov/news/releases/ice-launches-new-initiative-help-prevent-foreign-students-exploiting-us-education,ICE launches new initiative to help prevent foreign students from exploiting US education system,2025-11-18,2025-11-18,2025,2025-11,0,Washington,DC,United States,['Student and Exchange Visitor Program'],1,False,False,True,417,16,0,accepted,[]
c3c69afefaa4b1e0b201,https://www.ice.gov/news/releases/ice-law-enforcement-partner-investigation-results-significant-prison-sentence-south,"ICE, law enforcement partner investigation results in a significant prison sentence for a South Texas man convicted of kidnapping illegal aliens",2025-07-02,2025-07-02,2025,2025-07,0,San Antonio,TX,United States,['Human Smuggling/Trafficking'],1,True,True,True,488,9,0,accepted,[]
c61de9a14dcbda8a78e0,https://www.ice.gov/news/releases/ice-law-enforcement-partners-apprehend-previously-deported-fugitive-alien-wanted,"ICE, law enforcement partners apprehend previously deported fugitive alien wanted for vehicular homicide",2025-03-12,2025-06-13,2025,2025-03,93,Houston,TX,United States,['Enforcement and Removal'],1,False,True,True,403,6,0,accepted,[]
304b16ee3afcf7218b03,https://www.ice.gov/news/releases/ice-law-enforcement-partners-arrest-13-armenian-rival-members-associates-organized,"ICE, law enforcement partners, arrest 13 Armenian rival members, associates of organized crime syndicates for alleged attempted murder, kidnapping and tens of millions in theft",2025-05-20,2025-05-20,2025,2025-05,0,Los Angeles,CA,United States,['Organized Crime'],1,False,True,True,799,18,0,accepted,[]
41afe28570d831c02bea,https://www.ice.gov/news/releases/ice-law-enforcement-partners-arrest-13-illegal-criminal-alien-offenders-during,"ICE, law enforcement partners arrest 13 illegal criminal alien offenders during Huntsville enforcement operation",2025-03-27,2025-06-13,2025,2025-03,78,Huntsville,AL,United States,['Enforcement and Removal'],1,False,True,True,210,10,0,accepted,[]
fd7ecac94bbe34c6a1e8,https://www.ice.gov/news/releases/ice-law-enforcement-partners-arrest-24-illegal-criminal-alien-offenders-during,"ICE, law enforcement partners arrest 24 illegal criminal alien offenders during Charlotte enforcement operation",2025-03-18,2025-06-13,2025,2025-03,87,Charlotte,NC,United States,['Enforcement and Removal'],1,False,False,True,258,13,0,accepted,[]
d9b3ba997fd2ebc8d1f2,https://www.ice.gov/news/releases/ice-law-enforcement-partners-arrest-370-alien-offenders-during-enhanced-operation,"ICE, law enforcement partners arrest 370 alien offenders during enhanced operation in Massachusetts",2025-03-24,2025-06-13,2025,2025-03,81,Boston,MA,United States,['Enforcement and Removal'],1,False,True,True,1249,30,0,accepted,[]
99c88fedb302000cc77b,https://www.ice.gov/news/releases/ice-law-enforcement-partners-arrest-8-illegal-aliens-1-american-during-large-scale,"ICE, law enforcement partners arrest 8 illegal aliens, 1 American during large-scale EBT benefit fraud operation",2025-05-05,2025-05-05,2025,2025-05,0,Los Angeles,CA,United States,['Document and Benefit Fraud'],1,False,False,True,398,8,0,accepted,[]
17c3b402a7286b80c3c7,https://www.ice.gov/news/releases/ice-law-enforcement-partners-arrest-almost-200-alien-offenders-during-4-day,"ICE, law enforcement partners arrest almost 200 alien offenders during 4-day immigration enforcement operation in Washington, D.C.",2025-05-13,2025-06-13,2025,2025-05,31,Washington,DC,United States,['Enforcement and Removal'],1,False,True,True,980,19,0,accepted,[]
bb59a612aca234586774,https://www.ice.gov/news/releases/ice-law-enforcement-partners-arrest-criminal-aliens-during-multi-agency-operation,"ICE, law enforcement partners arrest criminal aliens during multi-agency operation in Charlotte area",2025-03-11,2025-08-15,2025,2025-03,157,Charlotte,NC,United States,['Enforcement and Removal'],1,False,True,True,187,6,0,accepted,[]
b3eeeb98643bf530a57b,https://www.ice.gov/news/releases/ice-law-enforcement-partners-arrest-more-200-alien-offenders-during-enhanced-gang,"ICE, law enforcement partners arrest more than 200 alien offenders during enhanced gang operation in Northern Virginia",2025-03-13,2025-06-13,2025,2025-03,92,Chantilly,VA,United States,['Enforcement and Removal'],1,False,True,True,591,15,0,accepted,[]
adb5dd25bf8ba56007e8,https://www.ice.gov/news/releases/ice-law-enforcement-partners-arrest-more-200-alien-offenders-during-enhanced,"ICE, law enforcement partners arrest more than 200 alien offenders during enhanced immigration enforcement operation in New York",2025-04-16,2025-06-13,2025,2025-04,58,New York,NY,United States,['Enforcement and Removal'],1,False,True,True,1888,35,0,accepted,[]
0cb122cb49aa7b7a0366,https://www.ice.gov/news/releases/ice-law-enforcement-partners-arrest-more-80-illegal-aliens-during-worksite,"ICE, law enforcement partners arrest more than 80 illegal aliens during worksite enforcement operation at Louisiana racetrack",2025-06-18,2025-08-15,2025,2025-06,58,Lake Charles,LA,United States,['Worksite Enforcement'],1,False,True,True,801,17,0,accepted,[]
fc57301a9c44c04fc1c2,https://www.ice.gov/news/releases/ice-law-enforcement-partners-arrest-ms-13-gang-member-virginia-wanted-el-salvador,"ICE, law enforcement partners arrest MS-13 gang member in Virginia, wanted in El Salvador for extortion, blackmail, terrorist affiliation",2025-04-07,2025-06-13,2025,2025-04,67,Alexandria,VA,United States,['Enforcement and Removal'],1,False,True,True,293,6,0,accepted,[]
6470c06356c576fc1128,https://www.ice.gov/news/releases/ice-law-enforcement-partners-investigation-results-life-sentences-human-smuggling,"ICE, law enforcement partners’ investigation results in life sentences for human smuggling leader and coordinator on anniversary of deadly trailer conspiracy",2025-07-02,2025-07-02,2025,2025-07,0,San Antonio,TX,United States,['Human Smuggling/Trafficking'],1,False,True,True,1007,15,0,accepted,[]
d9b6c2d60eff33b9b380,https://www.ice.gov/news/releases/ice-law-enforcement-partners-searching-2-illegal-aliens-who-escaped-after-choking,"ICE, law enforcement partners searching for 2 illegal aliens who escaped after choking Border Patrol agent",2025-09-22,2025-09-23,2025,2025-09,1,Houston,TX,United States,['Law Enforcement'],1,False,True,True,314,6,0,accepted,[]
d83f0d4f6632e5f3721e,https://www.ice.gov/news/releases/ice-leads-investigation-4-mexican-nationals-charged-international-smuggling,ICE leads investigation as 4 Mexican nationals charged in international smuggling conspiracy bringing migrants from Canada into the US,2025-05-12,2025-05-12,2025,2025-05,0,Buffalo,NY,United States,['Human Smuggling/Trafficking'],1,False,False,True,821,10,0,accepted,[]
821b25a4e759fefdfaf3,https://www.ice.gov/news/releases/ice-leads-joint-operation-southern-indiana,ICE leads joint operation in southern Indiana,2025-05-22,2025-08-15,2025,2025-05,85,Indianapolis,IN,United States,['Enforcement and Removal'],1,True,True,True,619,22,0,accepted,[]
2ef4aef749f99a0b7759,https://www.ice.gov/news/releases/ice-leads-multi-agency-operation-targeting-illegal-employment-and-federal-crimes,ICE leads multi-agency operation targeting illegal employment and federal crimes in Georgia,2025-09-05,2025-09-08,2025,2025-09,3,Savannah,GA,United States,['Worksite Enforcement'],1,True,True,True,466,8,0,accepted,[]
0fbdd4409c761f7c9cd3,https://www.ice.gov/news/releases/ice-leads-multiagency-operation-resulting-arrest-ms-13-member-florida,ICE leads multiagency operation resulting in arrest of MS-13 member in Florida,2026-05-09,2026-05-11,2026,2026-05,2,Palm Beach County,FL,United States,['Transnational Gangs'],1,False,True,True,303,8,0,accepted,[]
ac106687c2966c640470,https://www.ice.gov/news/releases/ice-leads-rescue-abducted-child-international-fugitive-mexico,"ICE leads rescue of abducted child, international fugitive in Mexico",2025-10-15,2025-10-15,2025,2025-10,0,Mobile,AL,United States,"['Child Exploitation', 'Human Smuggling/Trafficking']",2,False,True,True,334,5,0,accepted,[]
9e830acb7cd0c381a61d,https://www.ice.gov/news/releases/ice-led-investigation-leads-prison-time-ms-13-ringleaders-north-carolina,ICE-led investigation leads to prison time for MS-13 ringleaders in North Carolina,2026-02-24,2026-02-24,2026,2026-02,0,Washington,DC,United States,['Organized Crime'],1,True,True,True,201,6,0,accepted,[]
4952076ebace7fb47c9f,https://www.ice.gov/news/releases/ice-led-investigation-leads-repeat-offenders-guilty-plea-possessing-child-sexual,ICE-led investigation leads to repeat offender’s guilty plea for possessing child sexual abuse material,2025-06-11,2026-05-19,2025,2025-06,342,Trenton,NJ,United States,['Child Exploitation'],1,False,False,True,454,9,0,accepted,[]
b05eb054147b50feaf63,https://www.ice.gov/news/releases/ice-local-partners-arrest-6-time-removed-ms-13-gang-member-wanted-murder-following,"ICE, local partners arrest 6-time removed MS-13 gang member wanted for murder following manhunt near Colony Ridge",2025-02-26,2025-06-13,2025,2025-02,107,Houston,TX,United States,"['Transnational Gangs', 'Enforcement and Removal']",2,False,True,True,343,6,0,accepted,[]
47ef869e4f455e7f3ddd,https://www.ice.gov/news/releases/ice-local-partners-arrest-criminal-illegal-alien-allegedly-selling-cocaine-out,"ICE, local partners arrest criminal illegal alien allegedly selling cocaine out of Virginia barbershop",2025-12-15,2025-12-15,2025,2025-12,0,North Chesterfield,VA,United States,['Enforcement and Removal'],1,True,True,True,275,7,0,accepted,[]
0d08a2ebd1b42f0a5fef,https://www.ice.gov/news/releases/ice-lodges-arrest-detainer-criminal-illegal-alien-who-killed-3-california-while,ICE lodges arrest detainer for criminal illegal alien who killed 3 in California while driving 18-wheeler under the influence,2025-10-23,2025-10-23,2025,2025-10,0,Los Angeles,CA,United States,['Enforcement and Removal'],1,True,True,True,269,7,0,accepted,[]
94aaae8e380e60467fca,https://www.ice.gov/news/releases/ice-lodges-detainer-against-honduran-charged-murder,ICE lodges detainer against Honduran charged with murder,2025-08-13,2025-08-13,2025,2025-08,0,San Antonio,TX,United States,['Enforcement and Removal'],1,True,True,True,411,7,0,accepted,[]
dc129a77531ccfaa901c,https://www.ice.gov/news/releases/ice-lodges-detainer-against-illegal-alien-who-murdered-teenage-girl-after-she,ICE lodges detainer against illegal alien who murdered a teenage girl after she rejected his sexual advances,2025-09-17,2025-09-19,2025,2025-09,2,New York,NY,United States,['Enforcement and Removal'],1,True,True,True,427,6,0,accepted,[]
4212cd0c58a54571b08e,https://www.ice.gov/news/releases/ice-lodges-detainer-criminal-illegal-alien-accused-brutally-murdering-co-worker,ICE lodges detainer on criminal illegal alien accused of brutally murdering co-worker with sledgehammer in Texas,2026-04-20,2026-04-20,2026,2026-04,0,Houston,TX,United States,['Enforcement and Removal'],1,True,True,True,384,8,0,accepted,[]
007927f34921f65034ec,https://www.ice.gov/news/releases/ice-lodges-detainer-criminal-illegal-alien-texas-accused-beating-victim-unconscious,"ICE lodges detainer on criminal illegal alien in Texas accused of beating victim unconscious, raping him while he was incapacitated",2026-05-05,2026-05-05,2026,2026-05,0,Houston,TX,United States,['Enforcement and Removal'],1,True,True,True,468,7,0,accepted,[]
7d8580b01cb78649fb92,https://www.ice.gov/news/releases/ice-lodges-immigration-detainer-against-criminal-illegal-alien-accused-negligent,ICE lodges immigration detainer against criminal illegal alien accused of negligent vehicular manslaughter in California,2026-02-04,2026-02-05,2026,2026-02,1,Santa Ana,CA,United States,['Enforcement and Removal'],1,True,True,True,239,7,0,accepted,[]
5b132ab1e2e94e2daa07,https://www.ice.gov/news/releases/ice-lodges-immigration-detainer-against-criminal-illegal-alien-who-allegedly-abused,ICE lodges immigration detainer against criminal illegal alien who allegedly abused and violently murdered 3-year-old nephew,2026-03-11,2026-03-11,2026,2026-03,0,Washington,DC,United States,['Enforcement and Removal'],1,True,True,True,411,7,0,accepted,[]
df75db372f03a7d9dbd2,https://www.ice.gov/news/releases/ice-lodges-immigration-detainer-against-mexican-national-arrested-allegations,"ICE lodges immigration detainer against Mexican national arrested on allegations of kidnapping, rape of minor",2025-04-16,2025-04-16,2025,2025-04,0,Raleigh,NC,United States,['Child Exploitation'],1,False,False,True,249,6,0,accepted,[]
4e9c106b57a49b8892a1,https://www.ice.gov/news/releases/ice-los-angeles-announces-239-illegal-aliens-were-arrested-during-recent-operation,ICE Los Angeles announces 239 illegal aliens were arrested during recent operation,2025-05-14,2025-05-14,2025,2025-05,0,Los Angeles,CA,United States,['Enforcement and Removal'],1,False,True,True,342,15,0,accepted,[]
f3e41752183f36b9159d,https://www.ice.gov/news/releases/ice-los-angeles-arrests-2-individuals-interfering-law-enforcement-operations,ICE Los Angeles arrests 2 individuals for interfering in law enforcement operations,2025-05-16,2025-06-13,2025,2025-05,28,Los Angeles,CA,United States,['Law Enforcement'],1,False,False,True,281,9,0,accepted,[]
11155e80c6abaec69d2a,https://www.ice.gov/news/releases/ice-los-angeles-multiagency-case-dismantles-identity-theft-mill-organized-retail,"ICE Los Angeles, multiagency case dismantles identity theft mill, organized retail scheme spanning 7 California counties",2025-04-30,2025-08-19,2025,2025-04,111,Los Angeles,CA,United States,['Document and Benefit Fraud'],1,False,True,True,383,6,0,accepted,[]
69582b7204dd7c5b9d52,https://www.ice.gov/news/releases/ice-los-angeles-multiagency-taskforce-case-results-14-arrests-complaints-alleging,"ICE Los Angeles, multiagency taskforce case results in 14 arrests on complaints alleging more than $25 million in COVID-19 relief, small business loans fraudulently obtained",2025-05-29,2025-06-13,2025,2025-05,15,Los Angeles,CA,United States,"['Covid-19', 'Financial Crimes']",2,False,False,True,1050,19,0,accepted,[]
063cf022453f5d948e2a,https://www.ice.gov/news/releases/ice-los-angeles-multiagency-taskforce-case-results-freight-forwarding-company-exec,"ICE Los Angeles, multiagency taskforce case results in freight forwarding company exec arrest on federal indictment alleging massive scheme to avoid customs duties payments",2025-05-29,2025-05-29,2025,2025-05,0,Los Angeles,CA,United States,['Financial Crimes'],1,False,False,True,639,12,0,accepted,[]
48870d9b69b143a3472f,https://www.ice.gov/news/releases/ice-los-angeles-multiple-agency-case-results-2-cuban-nationals-sentenced-fraudulent,"ICE Los Angeles, multiple agency case results in 2 Cuban nationals sentenced for fraudulent dispute scheme",2025-03-06,2025-06-13,2025,2025-03,99,Los Angeles,CA,United States,['Financial Crimes'],1,False,False,True,241,6,0,accepted,[]
b57ad650dd7545df70b7,https://www.ice.gov/news/releases/ice-los-angeles-special-agents-arrest-iranian-national-violation-us-sanctions,ICE Los Angeles special agents arrest Iranian national for violation of US sanctions,2025-07-16,2025-07-16,2025,2025-07,0,Los Angeles,CA,United States,['National Security'],1,False,False,True,471,13,0,accepted,[]
81fcc3e00a187101ba20,https://www.ice.gov/news/releases/ice-makes-significant-arrest-ms-13-gang-member-wanted-home-country,ICE makes significant arrest of MS-13 gang member wanted in home country,2025-05-09,2025-06-13,2025,2025-05,35,Baltimore,MD,United States,"['Enforcement and Removal', 'Transnational Gangs']",2,False,True,True,249,8,0,accepted,[]
d17fe5e3737008106e30,https://www.ice.gov/news/releases/ice-makes-significant-arrest-previously-removed-ms-13-gang-member,ICE makes significant arrest of previously removed MS-13 gang member,2025-05-15,2025-06-13,2025,2025-05,29,Baltimore,MD,United States,['Enforcement and Removal'],1,False,True,True,775,16,0,accepted,[]
733f09ba607d07e85166,https://www.ice.gov/news/releases/ice-metro-pd-arrest-illegal-mexican-alien-previously-charged-sex-crimes-against,"ICE, Metro PD arrest illegal Mexican alien previously charged with sex crimes against Virginia child",2025-08-27,2025-08-27,2025,2025-08,0,Washington,DC,United States,['Enforcement and Removal'],1,True,True,True,387,8,0,accepted,[]
d35c53b157cf6fba9906,https://www.ice.gov/news/releases/ice-miami-287g-partners-arrest-400-criminal-aliens-during-central-florida-operations,"ICE Miami, 287(g) partners arrest 400 criminal aliens during Central Florida operations",2025-09-30,2025-09-30,2025,2025-09,0,Miami,FL,United States,['Enforcement and Removal'],1,False,True,True,901,21,0,accepted,[]
07b0f280b1a9cc8722d1,https://www.ice.gov/news/releases/ice-multi-agency-partners-arrest-suspected-tda-gang-member-previously-convicted,"ICE, multi-agency partners arrest suspected TdA gang member previously convicted of attempting to smuggling firearms",2025-02-14,2025-02-14,2025,2025-02,0,Austin,TX,United States,['Enforcement and Removal'],1,False,True,True,199,6,0,accepted,[]
a47a9c5010d037c420c8,https://www.ice.gov/news/releases/ice-multiagency-case-dismantles-active-identity-theft-mill-organized-retail-scheme,"ICE, multiagency case dismantles active identity of theft mill, organized retail scheme spanning 7 California counties",2025-05-07,2025-08-19,2025,2025-05,104,Los Angeles,CA,United States,"['Organized Crime', 'Financial Crimes']",2,False,True,True,413,8,0,accepted,[]
24440f6bbb6ec20c35fe,https://www.ice.gov/news/releases/ice-multiagency-case-results-mexican-national-sentenced-88-months-prison-role-drug,"ICE, multiagency case results in Mexican national sentenced to 88 months in prison for role in drug conspiracy",2025-05-27,2025-05-27,2025,2025-05,0,Tucson,AZ,United States,['Narcotics'],1,False,False,True,272,6,0,accepted,[]
f09f0a535421bbf67cdf,https://www.ice.gov/news/releases/ice-multiagency-taskforce-investigation-results-5-illegal-aliens-charged-human,"ICE, multiagency taskforce investigation results in 5 illegal aliens charged in human smuggling event leaving at least 3 dead",2025-05-07,2025-05-08,2025,2025-05,1,San Diego,CA,United States,['Human Smuggling/Trafficking'],1,False,False,True,517,9,0,accepted,[]
3b5f8bbab9e345874acf,https://www.ice.gov/news/releases/ice-new-england-administratively-arrests-alleged-child-predator-guatemalan-national,"ICE New England administratively arrests alleged child predator, Guatemalan national recently charged with attempting to solicit a minor for commercial sex",2025-07-16,2025-07-16,2025,2025-07,0,Providence,RI,United States,['Child Exploitation'],1,False,True,True,211,6,0,accepted,[]
70bf3da76af79cf68d92,https://www.ice.gov/news/releases/ice-new-england-arrests-el-salvadorian-national-registered-sex-offender-convicted,"ICE New England arrests El Salvadorian national, a registered sex offender convicted of possession of child pornography",2025-07-16,2025-07-16,2025,2025-07,0,Boston,MA,United States,['Child Exploitation'],1,False,True,True,139,6,0,accepted,[]
c7a76ab841827f433de6,https://www.ice.gov/news/releases/ice-new-england-arrests-guatemalan-national-and-registered-sex-offender-convicted,"ICE New England arrests Guatemalan national and registered sex offender convicted of indecent assault, battery on child under 14",2025-07-16,2025-08-06,2025,2025-07,21,Boston,MA,United States,['Child Exploitation'],1,False,True,True,120,5,0,accepted,[]
9bdc2683b18d996c936c,https://www.ice.gov/news/releases/ice-new-england-arrests-registered-sex-offender-guatemala,ICE New England arrests registered sex offender from Guatemala,2025-08-08,2025-08-08,2025,2025-08,0,Boston,MA,United States,"['Child Exploitation', 'Enforcement and Removal']",2,False,True,True,143,6,0,accepted,[]
d9d8bdadbadce7885220,https://www.ice.gov/news/releases/ice-new-england-arrests-registered-sex-offender-portugal-convicted-heinous-crimes,ICE New England arrests registered sex offender from Portugal convicted of heinous crimes against children,2025-08-08,2025-08-08,2025,2025-08,0,Boston,MA,United States,"['Child Exploitation', 'Enforcement and Removal']",2,False,True,True,153,6,0,accepted,[]
0c5ddc814e2c06156414,https://www.ice.gov/news/releases/ice-new-england-investigation-lands-trinitarios-leader-14-years-prison-racketeering,ICE New England investigation lands Trinitarios leader 14 years in prison for racketeering conspiracy,2025-07-18,2025-07-18,2025,2025-07,0,Boston,MA,United States,['Transnational Gangs'],1,True,False,True,440,8,0,accepted,[]
c6d41910195d56e44ad4,https://www.ice.gov/news/releases/ice-new-mexico-officers-arrest-48-illegal-aliens-20-whom-have-criminal-charges-or,"ICE New Mexico officers arrest 48 illegal aliens, 20 of whom have criminal charges or convictions",2025-03-12,2025-08-15,2025,2025-03,156,Albuquerque,NM,United States,['Enforcement and Removal'],1,False,True,True,242,4,0,accepted,[]
6f8d5e704f59ff1fa12c,https://www.ice.gov/news/releases/ice-new-orleans-arrests-ms-13-gang-member-final-order-removal,ICE New Orleans arrests MS-13 gang member with final order of removal,2026-03-03,2026-03-03,2026,2026-03,0,New Orleans,LA,United States,['Enforcement and Removal'],1,False,True,True,225,5,0,accepted,[]
fa985805b2356b7e8f2e,https://www.ice.gov/news/releases/ice-new-orleans-cracks-down-illegal-employment-and-immigration-violations-local,"ICE New Orleans cracks down on illegal employment and immigration violations at local shipyard, detains 25",2025-11-03,2025-11-03,2025,2025-11,0,New Orleans,LA,United States,['Worksite Enforcement'],1,False,True,True,307,6,0,accepted,[]
1d52c5428a8b77f98692,https://www.ice.gov/news/releases/ice-new-orleans-investigation-supports-bribery-indictment-tied-immigration-benefit,ICE New Orleans investigation supports bribery indictment tied to immigration benefit fraud,2025-07-16,2025-09-08,2025,2025-07,54,New Orleans,LA,United States,['Document and Benefit Fraud'],1,False,False,True,147,6,0,accepted,[]
c130b6c6dd5ff7b3ded6,https://www.ice.gov/news/releases/ice-new-york-arrests-alleged-ms-13-gang-associate-wanted-interpol-living-near-school,"ICE New York arrests alleged MS-13 gang associate wanted by Interpol, living near school",2025-09-09,2025-09-09,2025,2025-09,0,New York,NY,United States,['Transnational Gangs'],1,False,True,True,355,7,0,accepted,[]
23e56f5c675c3b58cf3c,https://www.ice.gov/news/releases/ice-new-york-city-arrests-convicted-romanian-national-removal-order,ICE New York City arrests convicted Romanian national with removal order,2025-03-07,2025-06-13,2025,2025-03,98,New York,NY,United States,['Enforcement and Removal'],1,False,False,True,279,7,0,accepted,[]
5f9bc65c17788f9c013f,https://www.ice.gov/news/releases/ice-new-york-city-arrests-ecuadorian-alien-convicted-sex-abuse,ICE New York City arrests Ecuadorian alien convicted of sex abuse,2025-02-10,2025-06-13,2025,2025-02,123,New York,NY,United States,['Enforcement and Removal'],1,False,False,True,184,6,0,accepted,[]
5d66e8b4832b7956c3e2,https://www.ice.gov/news/releases/ice-new-york-city-arrests-illegal-alien-charged-numerous-sex-crimes,ICE New York City arrests illegal alien charged with numerous sex crimes,2025-05-02,2025-06-13,2025,2025-05,42,New York City,NY,United States,['Enforcement and Removal'],1,True,True,True,327,6,0,accepted,[]
9f5e731f2f2f53f1a665,https://www.ice.gov/news/releases/ice-new-york-city-arrests-illegal-alien-who-facilitated-daughters-sexual-abuse,ICE New York City arrests illegal alien who facilitated daughter’s sexual abuse,2025-05-05,2025-06-13,2025,2025-05,39,New York,NY,United States,['Enforcement and Removal'],1,False,True,True,250,5,0,accepted,[]
39eb71db519a92a04feb,https://www.ice.gov/news/releases/ice-new-york-city-arrests-previously-deported-illegal-alien-convicted-sex-abuse-minor,ICE New York City arrests previously deported illegal alien convicted sex abuse of a minor,2025-05-16,2025-06-13,2025,2025-05,28,New York,NY,United States,['Enforcement and Removal'],1,False,True,True,235,6,0,accepted,[]
8e13b4525e925457f4e4,https://www.ice.gov/news/releases/ice-new-york-city-arrests-previously-removed-guatemalan-national-child-sex-offender,"ICE New York City arrests previously removed Guatemalan national, child sex offender",2025-03-07,2025-06-13,2025,2025-03,98,New York,NY,United States,['Enforcement and Removal'],1,False,True,True,347,6,0,accepted,[]
200eaecdf43ff9a22b42,https://www.ice.gov/news/releases/ice-new-york-city-arrests-previously-removed-illegal-guatemalan-alien-convictions,ICE New York City arrests previously removed illegal Guatemalan alien with convictions for assault and act in manner to injure a child,2025-02-26,2025-06-13,2025,2025-02,107,New York,NY,United States,['Enforcement and Removal'],1,False,True,True,252,6,0,accepted,[]
e3f857ed88a25410d96a,https://www.ice.gov/news/releases/ice-new-york-city-arrests-venezuelan-alien-member-south-american-theft-group,"ICE New York City arrests Venezuelan alien, member of South American theft group",2025-05-16,2025-06-13,2025,2025-05,28,New York,NY,United States,['Enforcement and Removal'],1,True,True,True,310,6,0,accepted,[]
76d715929f2f1f2e168d,https://www.ice.gov/news/releases/ice-new-york-city-partners-arrest-illegal-alien-wanted-home-country-homicide,"ICE New York City, partners arrest illegal alien wanted in home country for homicide",2025-05-21,2025-06-13,2025,2025-05,23,New York,NY,United States,['Enforcement and Removal'],1,False,True,True,368,8,0,accepted,[]
8a2fc7e0fcbb8ff7f88a,https://www.ice.gov/news/releases/ice-new-york-city-removes-2-illegally-present-felons-convicted-kidnapping-and,ICE New York City removes 2 illegally present felons convicted of kidnapping and homicide,2025-03-31,2025-06-13,2025,2025-03,74,New York,NY,United States,['Enforcement and Removal'],1,False,True,True,288,6,0,accepted,[]
95928db0750b3cef2c81,https://www.ice.gov/news/releases/ice-new-york-investigation-alongside-partners-leads-extradition-united-kingdom,"ICE New York investigation, alongside partners, leads to extradition of United Kingdom citizen to face charges in $99 million wine fraud",2025-07-15,2025-07-15,2025,2025-07,0,New York,NY,United States,['Organized Crime'],1,True,False,True,565,10,0,accepted,[]
467420618bb9133aca6c,https://www.ice.gov/news/releases/ice-new-york-investigation-lands-leader-mexican-sex-trafficking-organization-188,ICE New York investigation lands leader of Mexican sex trafficking organization 188 months in prison,2025-07-15,2025-07-15,2025,2025-07,0,New York City,NY,United States,['Human Smuggling/Trafficking'],1,True,False,True,634,8,0,accepted,[]
478bddaebea0b48f2605,https://www.ice.gov/news/releases/ice-new-york-removes-convicted-coup-leader-burkina-faso,ICE New York removes convicted coup leader to Burkina Faso,2026-05-07,2026-05-09,2026,2026-05,2,New York,NY,United States,['Enforcement and Removal'],1,False,True,True,431,5,0,accepted,[]
891f5c28e1958d3ffc86,https://www.ice.gov/news/releases/ice-newark-arrest-chilean-national-leads-federal-charges,ICE Newark arrest of Chilean national leads to federal charges,2025-02-06,2025-02-07,2025,2025-02,1,Newark,NJ,United States,['Enforcement and Removal'],1,False,False,True,474,7,0,accepted,[]
b6b00bc8e68c6b2c7764,https://www.ice.gov/news/releases/ice-newark-arrests-4-illegally-present-child-sex-offenders-part-operation-apex,ICE Newark arrests 4 illegally present child sex offenders as part of Operation Apex Predator,2025-07-28,2025-07-28,2025,2025-07,0,Newark,NJ,United States,['Child Exploitation'],1,False,True,True,381,15,0,accepted,[]
3669529d06f95c4a2958,https://www.ice.gov/news/releases/ice-newark-arrests-another-4-illegally-present-child-sex-offenders-part-ongoing,ICE Newark arrests another 4 illegally present child sex offenders as part of ongoing operation,2025-08-07,2025-08-08,2025,2025-08,1,Newark,NJ,United States,"['Child Exploitation', 'Enforcement and Removal']",2,False,True,True,532,13,0,accepted,[]
ace02a035ff0812a2641,https://www.ice.gov/news/releases/ice-newark-arrests-brazilian-national-wanted-overseas-serve-time-drug-charges,ICE Newark arrests Brazilian national wanted overseas to serve time for drug charges,2025-03-17,2025-06-13,2025,2025-03,88,Newark,NJ,United States,['Enforcement and Removal'],1,False,True,True,171,5,0,accepted,[]
0f468100c6d88365b49c,https://www.ice.gov/news/releases/ice-newark-arrests-child-predator-released-under-irresponsible-nyc-sanctuary-policies,ICE Newark arrests child predator released under irresponsible NYC sanctuary policies,2025-08-25,2025-08-25,2025,2025-08,0,Newark,NJ,United States,['Enforcement and Removal'],1,False,True,True,185,5,0,accepted,[]
1b8bcd791ba76aabe306,https://www.ice.gov/news/releases/ice-newark-arrests-colombian-criminal-warrant-overseas-aggravated-theft,ICE Newark arrests Colombian with criminal warrant overseas for aggravated theft,2025-05-20,2025-05-21,2025,2025-05,1,Newark,NJ,United States,['Enforcement and Removal'],1,False,True,True,281,10,0,accepted,[]
3368ac0e906db6e5eb6d,https://www.ice.gov/news/releases/ice-newark-arrests-guatemalan-unaccompanied-alien-child-sponsor-wanted-overseas,ICE Newark arrests Guatemalan unaccompanied alien child sponsor wanted overseas for attempted aggravated homicide,2025-05-29,2025-05-29,2025,2025-05,0,Newark,NJ,United States,['Enforcement and Removal'],1,False,True,True,240,6,0,accepted,[]
14fefe2434a87f7407c8,https://www.ice.gov/news/releases/ice-newark-arrests-heavily-armed-illegal-alien-who-overstayed-visa-9-years,ICE Newark arrests heavily armed illegal alien who overstayed visa by 9 years,2025-08-22,2025-08-25,2025,2025-08,3,Newark,NJ,United States,['Enforcement and Removal'],1,True,True,True,211,4,0,accepted,[]
f3b3c1029a27e490eddd,https://www.ice.gov/news/releases/ice-newark-arrests-illegal-alien-new-jersey-prior-conviction-vehicular-homicide,ICE Newark arrests illegal alien in New Jersey with prior conviction of vehicular homicide for illegal reentry,2025-03-14,2025-03-17,2025,2025-03,3,Newark,NJ,United States,['Enforcement and Removal'],1,False,False,True,312,8,0,accepted,[]
195a5735703003d042f9,https://www.ice.gov/news/releases/ice-newark-arrests-international-fugitive-wanted-murder-honduras,ICE Newark arrests international fugitive wanted for murder in Honduras,2026-05-11,2026-05-11,2026,2026-05,0,Newark,NJ,United States,['Enforcement and Removal'],1,False,True,True,195,7,0,accepted,[]
a522ebe74cb53c497bad,https://www.ice.gov/news/releases/ice-newark-arrests-mexican-national-convicted-sex-crimes-against-minor,ICE Newark arrests Mexican national convicted for sex crimes against minor,2025-02-10,2025-06-13,2025,2025-02,123,Newark,NJ,United States,['Enforcement and Removal'],1,False,True,True,165,6,0,accepted,[]
b6ac8420500856f5f066,https://www.ice.gov/news/releases/ice-newark-investigation-leads-conviction-pennsylvania-man-conspiring-distribute,ICE Newark investigation leads to conviction of Pennsylvania man for conspiring to distribute cocaine,2025-03-25,2025-03-25,2025,2025-03,0,Camden,NJ,United States,['Narcotics'],1,False,False,True,357,7,0,accepted,[]
1dd1d30fc0b7d0d1a4d9,https://www.ice.gov/news/releases/ice-newark-law-enforcement-partners-arrest-illegal-alien-arrest-warrants,"ICE Newark, law enforcement partners arrest illegal alien with arrest warrants",2025-03-17,2025-03-17,2025,2025-03,0,Newark,NJ,United States,['Enforcement and Removal'],1,False,True,True,242,7,0,accepted,[]
9e65911bae649130fb93,https://www.ice.gov/news/releases/ice-newark-law-enforcement-partners-arrest-illegal-alien-new-jersey-extensive,"ICE Newark, law enforcement partners arrest illegal alien in New Jersey with extensive criminal history",2025-02-21,2025-06-13,2025,2025-02,112,Newark,NJ,United States,['Enforcement and Removal'],1,False,True,True,295,10,0,accepted,[]
76c96ae69838a7cd06d7,https://www.ice.gov/news/releases/ice-newark-operation-makes-18-arrests-takes-down-newark-open-air-drug-market,"ICE Newark operation makes 18 arrests, takes down Newark open-air drug market",2025-07-02,2025-07-07,2025,2025-07,5,Newark,NJ,United States,"['Organized Crime', 'Narcotics']",2,False,False,True,990,37,0,accepted,[]
9236d2a34230b597afaa,https://www.ice.gov/news/releases/ice-newark-worksite-enforcement-operation-results-16-arrests,ICE Newark worksite enforcement operation results in 16 arrests,2025-03-05,2025-03-06,2025,2025-03,1,Newark,NJ,United States,['Worksite Enforcement'],1,False,False,True,488,9,0,accepted,[]
6245480d19693a33d1e7,https://www.ice.gov/news/releases/ice-nogales-cbp-case-sends-phoenix-woman-over-8-years-prison-narcotics-trafficking,"ICE Nogales, CBP case sends Phoenix woman to over 8 years in prison for narcotics trafficking, bankruptcy fraud",2025-05-27,2025-05-27,2025,2025-05,0,Nogales,AZ,United States,"['Narcotics', 'Financial Crimes']",2,False,False,True,399,7,0,accepted,[]
63e08f0359f328de15e8,https://www.ice.gov/news/releases/ice-operation-highway-sentinel-arrests-over-100-illegal-alien-truck-drivers-gavin,ICE Operation Highway Sentinel arrests over 100 illegal alien truck drivers in Gavin Newsom’s California,2025-12-23,2025-12-23,2025,2025-12,0,San Francisco,CA,United States,['Law Enforcement'],1,True,True,True,713,14,0,accepted,[]
3e5b3640bf79db435cf3,https://www.ice.gov/news/releases/ice-operation-leads-indictment-4-charged-conspiracy-commit-visa-and-marriage-fraud,ICE operation leads to indictment of 4 charged with conspiracy to commit visa and marriage fraud,2025-04-28,2025-06-13,2025,2025-04,46,Baltimore,MD,United States,['Document and Benefit Fraud'],1,False,False,True,775,15,0,accepted,[]
951cd03c3349259abe77,https://www.ice.gov/news/releases/ice-operation-northern-virginia-nets-3-alien-offenders,ICE operation in Northern Virginia nets 3 alien offenders,2025-05-02,2025-06-13,2025,2025-05,42,Fairfax County,VA,United States,['Enforcement and Removal'],1,False,True,True,356,13,0,accepted,[]
4c5656ec58d4eded42cd,https://www.ice.gov/news/releases/ice-operations-between-feb-1-and-feb-6,ICE operations between Feb. 1 and Feb. 6,2025-02-10,2025-09-29,2025,2025-02,231,Washington,DC,United States,['Enforcement and Removal'],1,False,True,True,160,4,0,accepted,[]
9f55b41bc9316d23b566,https://www.ice.gov/news/releases/ice-operations-during-week-jan-27,ICE operations during week of Jan. 27,2025-02-03,2025-08-19,2025,2025-02,197,Washington,DC,United States,['Enforcement and Removal'],1,False,True,True,150,4,0,accepted,[]
aa140a3f955a1fc9ff29,https://www.ice.gov/news/releases/ice-operations-feb-7-feb-13,ICE operations from Feb. 7 to Feb. 13,2025-02-14,2025-10-20,2025,2025-02,248,Washington,DC,United States,['Enforcement and Removal'],1,False,True,True,133,4,0,accepted,[]
8ad75078454c0a675bb1,https://www.ice.gov/news/releases/ice-orlando-arrests-colombian-drug-lord-wanted-29-known-murders,ICE Orlando arrests Colombian drug lord wanted for 29 known murders,2025-08-07,2025-08-07,2025,2025-08,0,Orlando,FL,United States,['Enforcement and Removal'],1,False,False,True,260,6,0,accepted,[]
2a7e8ea98e6a676a5932,https://www.ice.gov/news/releases/ice-partners-rapid-response-locate-suspect-newark-airport-attempting-flee-us,"ICE, partners’ rapid response locate suspect at Newark airport attempting to flee the US",2025-03-25,2025-03-25,2025,2025-03,0,Newark,NJ,United States,['Child Exploitation'],1,False,True,True,323,8,0,accepted,[]
5c01ac3b79e7c66e7190,https://www.ice.gov/news/releases/ice-partnership-program-aids-apprehension-criminal-aliens-following-high-speed-chase,ICE partnership program aids in apprehension of criminal aliens following high-speed chase in Frederick County,2025-03-03,2025-06-13,2025,2025-03,102,Frederick,MD,United States,['Enforcement and Removal'],1,True,False,True,799,12,0,accepted,[]
8dfc549cf93408d865bb,https://www.ice.gov/news/releases/ice-philadelphia-and-law-enforcement-partners-execute-worksite-enforcement-operation,ICE Philadelphia and law enforcement partners execute worksite enforcement operation at Wyoming Valley Pallets Inc.,2025-06-09,2025-06-09,2025,2025-06,0,Philadelphia,PA,United States,['Worksite Enforcement'],1,False,True,True,354,7,0,accepted,[]
7952d27df00cbde2e104,https://www.ice.gov/news/releases/ice-philadelphia-apprehends-alien-previously-arrested-multiple-criminal-offenses,ICE Philadelphia apprehends alien previously arrested for multiple criminal offenses,2025-02-18,2025-06-13,2025,2025-02,115,York,PA,United States,['Enforcement and Removal'],1,False,True,True,327,7,0,accepted,[]
508d99b30f9e89546629,https://www.ice.gov/news/releases/ice-philadelphia-arrests-24-immigration-violators-including-suspected-ms-13-gang,"ICE Philadelphia arrests 24 immigration violators, including suspected MS-13 gang member and felon convicted of assault",2025-08-25,2025-08-25,2025,2025-08,0,Bellefonte,PA,United States,['Enforcement and Removal'],1,False,True,True,286,11,0,accepted,[]
e66145bf29eda91dfa40,https://www.ice.gov/news/releases/ice-philadelphia-arrests-7-worksite-enforcement-operation,ICE Philadelphia arrests 7 in worksite enforcement operation,2025-01-31,2025-06-13,2025,2025-01,133,Philadelphia,PA,United States,['Worksite Enforcement'],1,False,True,True,187,4,0,accepted,[]
6a8af299f4c25cda7cdf,https://www.ice.gov/news/releases/ice-philadelphia-arrests-criminal-alien-charged-sexually-assaulting-child-after-being,ICE Philadelphia arrests criminal alien charged with sexually assaulting child after being released from custody,2025-07-29,2025-07-31,2025,2025-07,2,Philadelphia,PA,United States,['Enforcement and Removal'],1,False,True,True,344,9,0,accepted,[]
9c443d0006dae8f3fc51,https://www.ice.gov/news/releases/ice-philadelphia-arrests-mexican-national-warrant-rape-pennsylvania,ICE Philadelphia arrests Mexican national with warrant for rape in Pennsylvania,2025-07-30,2025-07-31,2025,2025-07,1,Philadelphia,PA,United States,['Enforcement and Removal'],1,False,True,True,245,7,0,accepted,[]
9ce9a3b0389d2b7b25e2,https://www.ice.gov/news/releases/ice-philadelphia-arrests-salvadoran-criminal-alien-convicted-child-cruelty-intent,"ICE Philadelphia arrests Salvadoran criminal alien convicted of child cruelty, intent to deliver fentanyl, attempted robbery and attempted money laundering",2025-12-01,2025-12-01,2025,2025-12,0,Washington,DC,United States,['Enforcement and Removal'],1,True,True,True,478,12,0,accepted,[]
a883802a5d49d467997d,https://www.ice.gov/news/releases/ice-philadelphia-removes-criminal-alien-wanted-homicide-dominican-republic,ICE Philadelphia removes criminal alien wanted for homicide in the Dominican Republic,2025-02-03,2025-06-12,2025,2025-02,129,Philadelphia,PA,United States,['Enforcement and Removal'],1,False,False,True,396,11,0,accepted,[]
825a64c4b6c546c1e3f6,https://www.ice.gov/news/releases/ice-philadelphia-removes-dangerous-ms-13-gang-leader-wanted-heinous-crimes-el,ICE Philadelphia removes dangerous MS-13 gang leader wanted for heinous Crimes in El Salvador,2025-09-07,2025-09-08,2025,2025-09,1,Philadelphia,PA,United States,['Enforcement and Removal'],1,True,True,True,376,6,0,accepted,[]
71eeba6b12996956fc4d,https://www.ice.gov/news/releases/ice-philadelphia-removes-ecuadorian-citizen-wanted-rape,ICE Philadelphia removes Ecuadorian citizen wanted for rape,2025-05-14,2025-06-13,2025,2025-05,30,Philadelphia,PA,United States,['Enforcement and Removal'],1,False,True,True,308,8,0,accepted,[]
9341fdfef02a75200079,https://www.ice.gov/news/releases/ice-philadelphia-removes-el-salvadorian-wanted-aggravated-homicide-and-terrorist,ICE Philadelphia removes El Salvadorian wanted for aggravated homicide and terrorist organization,2025-02-18,2025-08-19,2025,2025-02,182,Philadelphia,PA,United States,['Enforcement and Removal'],1,False,True,True,315,7,0,accepted,[]
0421a9ce0ee58844b518,https://www.ice.gov/news/releases/ice-philadelphia-removes-illegal-alien-honduras-wanted-femicide-attempted-homicide,"ICE Philadelphia removes illegal alien from Honduras wanted for femicide, attempted homicide",2025-07-29,2025-07-31,2025,2025-07,2,Philadelphia,PA,United States,['Enforcement and Removal'],1,False,True,True,283,9,0,accepted,[]
5a5316eaca15d5ceb66d,https://www.ice.gov/news/releases/ice-philadelphia-removes-illegal-alien-wanted-murder-ecuador,ICE Philadelphia removes illegal alien wanted for murder to Ecuador,2025-03-27,2025-06-13,2025,2025-03,78,Philadelphia,PA,United States,['Enforcement and Removal'],1,False,False,True,310,10,0,accepted,[]
3caa04e3ce9f2beec1b3,https://www.ice.gov/news/releases/ice-philadelphia-removes-mexican-citizen-wanted-mexico-rape,ICE Philadelphia removes Mexican citizen wanted in Mexico for rape,2025-02-03,2025-06-12,2025,2025-02,129,Philadelphia,PA,United States,['Enforcement and Removal'],1,False,True,True,383,10,0,accepted,[]
bb8a45efc1815a0a688b,https://www.ice.gov/news/releases/ice-philadelphia-removes-mexican-national-wanted-domestic-violence,ICE Philadelphia removes Mexican national wanted for domestic violence,2025-02-10,2025-06-13,2025,2025-02,123,Philadelphia,PA,United States,['Enforcement and Removal'],1,False,True,True,271,8,0,accepted,[]
6eee6fe778d34def12d2,https://www.ice.gov/news/releases/ice-philadelphia-removes-salvadorian-citizen-wanted-aggravated-rape-minor,ICE Philadelphia removes Salvadorian citizen wanted for aggravated rape of a minor,2025-02-05,2025-06-13,2025,2025-02,128,Philadelphia,PA,United States,['Enforcement and Removal'],1,False,True,True,405,12,0,accepted,[]
3d298af2ac0a9feb597a,https://www.ice.gov/news/releases/ice-philadelphia-removes-uzbek-national-wanted-fraud,ICE Philadelphia removes Uzbek national wanted for fraud,2025-06-10,2025-06-10,2025,2025-06,0,Philadelphia,PA,United States,['Enforcement and Removal'],1,False,True,True,281,9,0,accepted,[]
c962b565a27ab79df87a,https://www.ice.gov/news/releases/ice-philadelphia-supports-large-effort-remove-more-130-illegal-aliens-central-asia,ICE Philadelphia supports large effort to remove more than 130 illegal aliens from central Asia,2025-05-02,2025-06-13,2025,2025-05,42,Harrisburg,PA,United States,['Enforcement and Removal'],1,False,True,True,375,7,0,accepted,[]
2e04d12a1d857b553fe5,https://www.ice.gov/news/releases/ice-phoenix-arrests-guatemalan-criminal-alien-wanted-authorities-new-mexico-sex,ICE Phoenix arrests Guatemalan criminal alien wanted by authorities in New Mexico on a sex-related offense against a child,2025-05-05,2025-06-13,2025,2025-05,39,Phoenix,AZ,United States,['Enforcement and Removal'],1,False,True,True,259,7,0,accepted,[]
9f5705cc019985bae715,https://www.ice.gov/news/releases/ice-phoenix-law-enforcement-partners-arrest-illegal-guatemalan-gang-member-convicted,"ICE Phoenix, law enforcement partners arrest illegal Guatemalan gang member convicted of racketeering, and possession of an unregistered firearm in Arizona",2025-02-28,2025-08-15,2025,2025-02,168,Phoenix,AZ,United States,['Enforcement and Removal'],1,False,True,True,225,6,0,accepted,[]
c19b403f131cee32b679,https://www.ice.gov/news/releases/ice-phoenix-removes-mexican-fugitive-wanted-domestic-violence,ICE Phoenix removes Mexican fugitive wanted for domestic violence,2025-05-02,2025-06-13,2025,2025-05,42,Nogales,AZ,United States,['Enforcement and Removal'],1,False,True,True,252,6,0,accepted,[]
4a764d855dba052c2801,https://www.ice.gov/news/releases/ice-phoenix-removes-mexican-fugitive,ICE Phoenix removes Mexican fugitive,2025-06-30,2025-07-01,2025,2025-06,1,Nogales,AZ,United States,['Enforcement and Removal'],1,False,True,True,277,6,0,accepted,[]
56ff07ee368974860a46,https://www.ice.gov/news/releases/ice-phoenix-removes-mexican-noroeste-cartel-member,ICE Phoenix removes Mexican Noroeste Cartel member,2025-06-12,2025-06-12,2025,2025-06,0,Nogales,AZ,United States,['Enforcement and Removal'],1,False,True,True,245,6,0,accepted,[]
18a5e1f61d743e682ead,https://www.ice.gov/news/releases/ice-places-detainer-illegal-alien-arrested-killing-teen-during-second-drunk-driving,ICE places detainer on illegal alien arrested for killing teen during second drunk driving incident,2025-10-29,2025-10-29,2025,2025-10,0,New Orleans,LA,United States,['Enforcement and Removal'],1,False,True,True,261,6,0,accepted,[]
1afc0819303942a42b08,https://www.ice.gov/news/releases/ice-pleads-gov-abigail-spanbergers-sanctuary-state-virginia-not-release-accused,ICE pleads with Gov. Abigail Spanberger’s sanctuary state of Virginia not to release accused sexual predator,2026-04-20,2026-04-20,2026,2026-04,0,Washington,DC,United States,['Enforcement and Removal'],1,True,True,True,285,7,0,accepted,[]
2af61104228f72465262,https://www.ice.gov/news/releases/ice-prescott-multiagency-case-results-owners-northern-arizona-businesses-arrested,"ICE Prescott, multiagency case results in owners of northern Arizona businesses arrested for illegal employment practices",2025-07-17,2025-07-17,2025,2025-07,0,Prescott,AZ,United States,['Worksite Enforcement'],1,False,False,True,737,11,0,accepted,[]
c3f3a5566bd29da544e8,https://www.ice.gov/news/releases/ice-prevents-uac-smuggling-incident-arizona,ICE prevents UAC smuggling incident in Arizona,2025-05-05,2025-05-05,2025,2025-05,0,Yuma,AZ,United States,['Human Smuggling/Trafficking'],1,False,False,True,485,9,0,accepted,[]
f55520d5ab1b7a2b71f7,https://www.ice.gov/news/releases/ice-releases-2024-sevp-annual-report,ICE releases 2024 SEVP annual report,2025-06-05,2025-06-05,2025,2025-06,0,Washington,DC,United States,['Student and Exchange Visitor Program'],1,True,True,True,550,11,0,accepted,[]
f2d2992f3928775bc433,https://www.ice.gov/news/releases/ice-releases-new-information-extensive-criminal-history-illegal-alien-ian-roberts-who,ICE releases new information on extensive criminal history of illegal alien Ian Roberts who was working as Iowa school superintendent,2025-10-03,2025-10-03,2025,2025-10,0,Washington,DC,United States,['Enforcement and Removal'],1,False,True,True,739,32,0,accepted,[]
9d403474f526770cdc26,https://www.ice.gov/news/releases/ice-releases-photos-us-citizen-nevada-charged-4-child-sex-crimes,ICE releases photos of US citizen from Nevada charged with 4 child sex crimes,2026-04-13,2026-04-13,2026,2026-04,0,Washington,DC,United States,"['Child Exploitation', 'Cyber Crimes']",2,False,True,True,218,6,0,accepted,[]
3d9c8c2c0facaa6f5092,https://www.ice.gov/news/releases/ice-relocates-new-orleans-field-office-headquarters-st-rose-louisiana,"ICE relocates New Orleans field office headquarters to St. Rose, Louisiana",2025-11-14,2025-11-17,2025,2025-11,3,St. Rose,LA,United States,['Statement'],1,False,False,True,230,5,0,accepted,[]
82d105b627f66589a787,https://www.ice.gov/news/releases/ice-removes-4-honduran-fugitives-wanted-homicide-drug-trafficking,"ICE removes 4 Honduran fugitives wanted for homicide, drug trafficking",2025-03-26,2025-04-24,2025,2025-03,29,Washington,DC,United States,['Enforcement and Removal'],1,False,True,True,631,10,0,accepted,[]
1f8a6fb2e0214b39b31e,https://www.ice.gov/news/releases/ice-removes-6-time-deported-criminal-alien-mexico,ICE removes 6-time deported criminal alien to Mexico,2025-02-11,2025-06-13,2025,2025-02,122,Houston,TX,United States,['Enforcement and Removal'],1,False,True,True,232,6,0,accepted,[]
7ff63224778122f79781,https://www.ice.gov/news/releases/ice-removes-6-time-deported-gang-member-violent-criminal-history-mexico,ICE removes 6-time deported gang member with violent criminal history to Mexico,2025-02-19,2025-02-20,2025,2025-02,1,Houston,TX,United States,['Enforcement and Removal'],1,True,False,True,365,5,0,accepted,[]
ba0015b71b4bb85534a2,https://www.ice.gov/news/releases/ice-removes-child-rapist-illegal-alien-wanted-honduras,"ICE removes child rapist, illegal alien wanted in Honduras",2025-05-23,2025-06-13,2025,2025-05,21,St. Paul,MN,United States,['Enforcement and Removal'],1,False,True,True,232,6,0,accepted,[]
2f9b258787685a0c537a,https://www.ice.gov/news/releases/ice-removes-chinese-national-convicted-photographing-military-installations,ICE removes Chinese national convicted of photographing military installations,2025-05-14,2025-06-13,2025,2025-05,30,Philadelphia,PA,United States,['Enforcement and Removal'],1,False,True,True,456,11,0,accepted,[]
35cdb4c3b53447a05b13,https://www.ice.gov/news/releases/ice-removes-convicted-drug-trafficker-pakistan,ICE removes convicted drug trafficker to Pakistan,2025-03-13,2025-06-13,2025,2025-03,92,Philadelphia,PA,United States,['Enforcement and Removal'],1,False,False,True,241,8,0,accepted,[]
d47b7d2dc3e25f8f73eb,https://www.ice.gov/news/releases/ice-removes-criminal-alien-involved-one-phillys-most-shocking-acts-violence,ICE removes criminal alien involved in one of Philly’s most shocking acts of violence,2025-10-28,2025-10-28,2025,2025-10,0,Philadelphia,PA,United States,['Enforcement and Removal'],1,True,True,True,444,14,0,accepted,[]
91bde7352438e44fd74c,https://www.ice.gov/news/releases/ice-removes-criminal-alien-wanted-drug-trafficking-costa-rica,ICE removes criminal alien wanted for drug trafficking in Costa Rica,2025-04-07,2025-06-13,2025,2025-04,67,Seattle,WA,United States,['Enforcement and Removal'],1,False,True,True,227,5,0,accepted,[]
68583e936aa133f8e6c4,https://www.ice.gov/news/releases/ice-removes-criminal-illegal-alien-wanted-rape-ecuador,ICE removes criminal illegal alien wanted for rape in Ecuador,2025-04-04,2025-06-13,2025,2025-04,70,Philadelphia,PA,United States,['Enforcement and Removal'],1,False,False,True,286,8,0,accepted,[]
3565e5804e22e721df1f,https://www.ice.gov/news/releases/ice-removes-former-mexican-governor-convicted-money-laundering-us,ICE removes former Mexican governor convicted of money laundering in the US,2025-04-11,2025-04-14,2025,2025-04,3,San Diego,CA,United States,"['Enforcement and Removal', 'Organized Crime']",2,False,True,True,458,10,0,accepted,[]
fea7cd9273528d172002,https://www.ice.gov/news/releases/ice-removes-fugitive-criminal-predator-who-attempted-exploit-us-immigration-system,ICE removes fugitive criminal predator who attempted to exploit US immigration system,2025-08-04,2025-08-05,2025,2025-08,1,Washington,DC,United States,['Enforcement and Removal'],1,True,True,True,342,9,0,accepted,[]
041d23875437754dcaec,https://www.ice.gov/news/releases/ice-removes-guatemalan-national-wanted-aggravated-sexual-assault-minor,ICE removes Guatemalan national wanted aggravated sexual assault of a minor,2025-05-08,2025-06-13,2025,2025-05,36,Salt Lake City,UT,United States,['Enforcement and Removal'],1,True,True,True,297,7,0,accepted,[]
9f18afe699da193a52ba,https://www.ice.gov/news/releases/ice-removes-guatemalan-national-wanted-gender-crimes-his-home-country,ICE removes Guatemalan national wanted for gender crimes in his home country,2025-04-15,2025-06-13,2025,2025-04,59,St. Paul,MN,United States,['Enforcement and Removal'],1,False,True,True,219,6,0,accepted,[]
77cf09feb208b71298a5,https://www.ice.gov/news/releases/ice-removes-human-rights-violator-sex-offender-rwanda,"ICE removes human rights violator, sex offender to Rwanda",2025-03-05,2025-06-13,2025,2025-03,100,Washington,DC,United States,['Human Rights Violators'],1,False,False,True,401,8,0,accepted,[]
de6ede24950a0bb5ffdc,https://www.ice.gov/news/releases/ice-removes-illegal-alien-child-sex-predator-mexico,"ICE removes illegal alien, child sex predator to Mexico",2025-04-30,2025-06-13,2025,2025-04,44,Buffalo,NY,United States,['Enforcement and Removal'],1,False,True,True,278,7,0,accepted,[]
73c881489550ddc3a83f,https://www.ice.gov/news/releases/ice-removes-illegal-alien-wanted-murder-jamaica,ICE removes illegal alien wanted for murder in Jamaica,2025-04-24,2025-06-13,2025,2025-04,50,Philadelphia,PA,United States,['Enforcement and Removal'],1,False,False,True,341,11,0,accepted,[]
ad20114e600061b6cbce,https://www.ice.gov/news/releases/ice-removes-illegal-mexican-alien-wanted-mexico-aggravated-rape,ICE removes illegal Mexican alien wanted in Mexico for aggravated rape,2025-09-05,2025-09-09,2025,2025-09,4,Nogales,AZ,United States,['Enforcement and Removal'],1,False,True,True,224,5,0,accepted,[]
10fb3b011bbe6dd11f56,https://www.ice.gov/news/releases/ice-removes-illegal-mexican-alien-wanted-mexico-femicide,ICE removes illegal Mexican alien wanted in Mexico for femicide,2025-09-19,2025-09-22,2025,2025-09,3,Nogales,AZ,United States,['Enforcement and Removal'],1,False,True,True,251,5,0,accepted,[]
33b798154f432d718566,https://www.ice.gov/news/releases/ice-removes-liberian-rebel-commander-known-using-child-soldiers,ICE removes Liberian rebel commander known for using child soldiers,2025-09-22,2025-09-22,2025,2025-09,0,Atlanta,GA,United States,['Human Rights Violators'],1,False,False,True,390,6,0,accepted,[]
018008e2c49099625923,https://www.ice.gov/news/releases/ice-removes-man-wanted-aggravated-homicide-charges-el-salvador,ICE removes man wanted on aggravated homicide charges to El Salvador,2014-12-09,2025-09-04,2014,2014-12,3922,Fairfax,VA,United States,['Enforcement and Removal'],1,False,True,True,370,10,0,accepted,[]
ed3b830f9adac40bde5a,https://www.ice.gov/news/releases/ice-removes-mexican-fugitive-wanted-family-violence,ICE removes Mexican fugitive wanted for family violence,2025-03-27,2025-06-13,2025,2025-03,78,Nogales,AZ,United States,['Enforcement and Removal'],1,False,True,True,206,6,0,accepted,[]
d37acaca0271e16ad20a,https://www.ice.gov/news/releases/ice-removes-mexican-fugitive-wanted-homicide,ICE removes Mexican fugitive wanted for homicide,2025-03-17,2025-08-18,2025,2025-03,154,Nogales,AZ,United States,['Enforcement and Removal'],1,False,True,True,237,6,0,accepted,[]
38233d9a8aa1555f4bbd,https://www.ice.gov/news/releases/ice-removes-mexican-fugitive-wanted-kidnapping-criminal-association,"ICE removes Mexican fugitive wanted for kidnapping, criminal association",2025-03-10,2025-08-26,2025,2025-03,169,Nogales,AZ,United States,['Enforcement and Removal'],1,False,True,True,256,6,0,accepted,[]
5261f996962b33acf40f,https://www.ice.gov/news/releases/ice-removes-mexican-fugitive-wanted-kidnapping-organized-crime,"ICE removes Mexican fugitive wanted for kidnapping, organized crime",2025-03-07,2025-06-13,2025,2025-03,98,Houston,TX,United States,['Enforcement and Removal'],1,False,True,True,245,5,0,accepted,[]
a94b457b5a03c81f60a4,https://www.ice.gov/news/releases/ice-removes-mexican-national-convicted-child-molestation,ICE removes Mexican national convicted of child molestation,2025-04-08,2025-06-13,2025,2025-04,66,Dallas,TX,United States,['Enforcement and Removal'],1,False,False,True,207,6,0,accepted,[]
35bf0734e8c34a051a24,https://www.ice.gov/news/releases/ice-removes-paisas-gang-member-wanted-homicide-who-illegally-entered-us-10-times,ICE removes Paisas gang member wanted for homicide who illegally entered US 10 times,2025-02-14,2025-06-13,2025,2025-02,119,Houston,TX,United States,['Enforcement and Removal'],1,True,True,True,819,12,0,accepted,[]
751c1c106beb27a190fe,https://www.ice.gov/news/releases/ice-removes-romanian-fugitive-wanted-identity-theft-fraud-france,"ICE removes Romanian fugitive wanted for identity theft, fraud in France",2025-03-07,2025-06-13,2025,2025-03,98,Newark,NJ,United States,['Enforcement and Removal'],1,False,False,True,352,11,0,accepted,[]
0589be0b8603357b330e,https://www.ice.gov/news/releases/ice-removes-salvadoran-gang-member-who-illegally-entered-us-3-times,ICE removes Salvadoran gang member who illegally entered US 3 times,2025-02-19,2025-08-19,2025,2025-02,181,Houston,TX,United States,['Enforcement and Removal'],1,False,True,True,332,6,0,accepted,[]
8ff15f0c247605a422a6,https://www.ice.gov/news/releases/ice-removes-salvadoran-national-wanted-rape-against-minor-his-home-country,ICE removes Salvadoran national wanted for rape against a minor in his home country,2025-04-15,2025-06-13,2025,2025-04,59,San Antonio,TX,United States,['Enforcement and Removal'],1,False,True,True,215,6,0,accepted,[]
e2c938f4764b2b158557,https://www.ice.gov/news/releases/ice-removes-twice-deported-criminal-alien-wanted-human-trafficking-el-salvador,ICE removes twice deported criminal alien wanted for human trafficking in El Salvador,2025-04-17,2025-06-13,2025,2025-04,57,Seattle,WA,United States,"['Human Smuggling/Trafficking', 'Enforcement and Removal']",2,False,True,True,403,7,0,accepted,[]
034aa2ab795e812a4d59,https://www.ice.gov/news/releases/ice-removes-violent-paramilitary-war-criminal-and-terrorist-ethiopia,ICE removes violent paramilitary war criminal and terrorist to Ethiopia,2026-03-10,2026-03-16,2026,2026-03,6,Eloy,AZ,United States,['Human Rights Violators'],1,False,False,True,377,6,0,accepted,[]
8784e75a8dd07e1e51cb,https://www.ice.gov/news/releases/ice-removes-violent-rapist-and-salvadoran-national-maryland,ICE removes violent rapist and Salvadoran national from Maryland,2026-02-25,2026-02-25,2026,2026-02,0,Washington,DC,United States,['Enforcement and Removal'],1,False,True,True,407,8,0,accepted,[]
bdb85cb12b3cf2011af0,https://www.ice.gov/news/releases/ice-reports-aggravated-felon-and-convicted-child-sex-offenders-death-camp-east,ICE reports aggravated felon and convicted child sex offender’s death at Camp East Montana in Texas,2026-01-09,2026-01-09,2026,2026-01,0,El Paso,TX,United States,['Detainee Death Notifications'],1,False,False,True,422,16,0,accepted,[]
687414780ce5ddafec20,https://www.ice.gov/news/releases/ice-reports-death-illegal-alien-custody-el-paso,ICE reports death of illegal alien in custody in El Paso,2026-01-18,2026-01-20,2026,2026-01,2,El Paso,TX,United States,['Detainee Death Notifications'],1,False,False,True,405,8,0,accepted,[]
e00389f766d555507a80,https://www.ice.gov/news/releases/ice-reports-second-death-dallas-sniper-attack-after-detainee-succumbs-injuries,ICE reports second death from Dallas sniper attack after detainee succumbs to injuries,2025-10-02,2025-10-02,2025,2025-10,0,Dallas,TX,United States,['Detainee Death Notifications'],1,False,False,True,514,11,0,accepted,[]
4d6694a589bee55bfc9b,https://www.ice.gov/news/releases/ice-response-broadview-mayor-who-accused-ice-war-community,ICE response to Broadview mayor who accused ICE of ‘war’ on community,2025-09-30,2025-10-14,2025,2025-09,14,Washington,DC,United States,['Statement'],1,False,True,True,248,6,0,accepted,[]
c016165bce359ac0f688,https://www.ice.gov/news/releases/ice-returns-dominican-national-wanted-human-smuggling-which-led-death-3-minors,ICE returns Dominican national wanted for human smuggling which led to the death of 3 minors,2025-03-05,2025-06-13,2025,2025-03,100,Miami,FL,United States,['Enforcement and Removal'],1,False,True,True,299,7,0,accepted,[]
6defaf38cfc0a3d428e6,https://www.ice.gov/news/releases/ice-rgv-federal-partner-investigation-results-sentencing-mexican-illegal-alien,"ICE RGV, federal partner investigation results in the sentencing of a Mexican illegal alien for possession of sexually explicit images and videos of children",2025-05-19,2025-06-13,2025,2025-05,25,Brownville,TX,United States,['Child Exploitation'],1,False,True,True,350,8,0,accepted,[]
12a726a31de648cc1721,https://www.ice.gov/news/releases/ice-rio-grande-valley-conducts-worksite-enforcement-operation-resulting-25-arrests,ICE Rio Grande Valley conducts worksite enforcement operation resulting in 25 arrests,2025-06-05,2025-06-05,2025,2025-06,0,Harlingen,TX,United States,['Worksite Enforcement'],1,False,True,True,325,8,0,accepted,[]
dd65308774ac4bb6cc80,https://www.ice.gov/news/releases/ice-rio-grande-valley-federal-partner-investigation-results-sentencing-illegal-alien,"ICE Rio Grande Valley, federal partner investigation results in the sentencing of illegal alien for drug trafficking in South Texas",2025-02-24,2025-06-13,2025,2025-02,109,McAllen,TX,United States,['Narcotics'],1,False,False,True,332,8,0,accepted,[]
c6d7721ce0a5d0eeb201,https://www.ice.gov/news/releases/ice-rio-grande-valley-federal-partner-investigation-results-woman-admitting-smuggling,"ICE Rio Grande Valley, federal partner investigation results in a woman admitting to smuggling firearms into Mexico",2025-04-03,2025-04-03,2025,2025-04,0,Brownsville,TX,United States,"['Firearms, Ammunition and Explosives']",1,False,False,True,192,5,0,accepted,[]
e592d1f1dd24945410ae,https://www.ice.gov/news/releases/ice-rio-grande-valley-federal-partners-investigation-results-4-mexican-fishermen,"ICE Rio Grande Valley, federal partners investigation results in 4 Mexican fishermen indicted for illegal red snapper harvesting in US waters",2025-05-15,2025-06-13,2025,2025-05,29,Brownsville,TX,United States,"['Contraband', 'Law Enforcement']",2,False,False,True,293,6,0,accepted,[]
706a8cc78702644fb5fb,https://www.ice.gov/news/releases/ice-rio-grande-valley-investigation-resulted-sentencing-south-texas-man-over-33-years,ICE Rio Grande Valley investigation resulted in the sentencing of a South Texas man to over 33 years for sexually abusing minor,2025-02-24,2025-02-24,2025,2025-02,0,McAllen,TX,United States,['Child Exploitation'],1,False,False,True,417,7,0,accepted,[]
0df20f97c5f696b0132a,https://www.ice.gov/news/releases/ice-rio-grande-valley-investigation-results-georgia-woman-sentenced-smuggling,ICE Rio Grande Valley investigation results in Georgia woman sentenced for smuggling firearms into Mexico,2025-07-09,2025-07-09,2025,2025-07,0,Brownsville,TX,United States,"['Firearms, Ammunition and Explosives']",1,False,False,True,281,6,0,accepted,[]
ce19922a60bdb64dfa0f,https://www.ice.gov/news/releases/ice-rio-grande-valley-investigation-results-sentencing-convicted-human-smuggler,ICE Rio Grande Valley investigation results in the sentencing of convicted human smuggler for possessing images of sexual assaults of young children,2025-07-21,2025-07-21,2025,2025-07,0,San Antonio,TX,United States,"['Child Exploitation', 'Human Smuggling/Trafficking']",2,False,True,True,661,13,0,accepted,[]
8f42f3c08aa3ead8c142,https://www.ice.gov/news/releases/ice-salt-lake-city-announces-52-illegal-aliens-were-arrested-during-recent-operation,ICE Salt Lake City announces 52 illegal aliens were arrested during recent operation,2025-05-13,2025-06-13,2025,2025-05,31,Salt Lake City,UT,United States,['Enforcement and Removal'],1,True,False,True,235,10,0,accepted,[]
ff1c87ebaf0b693d5806,https://www.ice.gov/news/releases/ice-salt-lake-city-removes-foreign-fugitive-sexual-assault-minor,ICE Salt Lake City removes foreign fugitive for sexual assault of minor,2025-03-28,2025-06-13,2025,2025-03,77,Salt Lake City,UT,United States,['Enforcement and Removal'],1,False,True,True,169,6,0,accepted,[]
9020e122b9d626915f6a,https://www.ice.gov/news/releases/ice-san-antonio-announces-275-illegal-alien-arrests-during-joint-operation,ICE San Antonio announces 275 illegal alien arrests during joint operation,2025-05-20,2025-06-13,2025,2025-05,24,San Antonio,TX,United States,['Enforcement and Removal'],1,False,True,True,345,11,0,accepted,[]
5fe52afedfcbb5e7138c,https://www.ice.gov/news/releases/ice-san-antonio-arrests-tren-de-aragua-member-wanted-chile-narcotics-and-weapons,ICE San Antonio arrests Tren de Aragua member wanted in Chile for narcotics and weapons trafficking,2025-02-19,2025-02-21,2025,2025-02,2,San Antonio,TX,United States,['Enforcement and Removal'],1,False,True,True,139,4,0,accepted,[]
6c72902f31ec7eb7c67d,https://www.ice.gov/news/releases/ice-san-antonio-arrests-twice-deported-honduran-national-illegally-present-us,ICE San Antonio arrests twice deported Honduran national illegally present in the US,2025-02-26,2025-02-27,2025,2025-02,1,San Antonio,TX,United States,['Enforcement and Removal'],1,False,True,True,141,5,0,accepted,[]
b4b019fb665b199882f7,https://www.ice.gov/news/releases/ice-san-antonio-federal-partners-lead-treasury-sanctions-high-ranking-members-cartel,"ICE San Antonio, federal partners lead to Treasury sanctions of high-ranking members of Cartel del Noreste, a foreign terrorist organization",2025-05-22,2025-06-02,2025,2025-05,11,Washington,DC,United States,"['National Security', 'Transnational Gangs']",2,False,True,True,1060,18,0,accepted,[]
b29c0c74e5b1cb37afcb,https://www.ice.gov/news/releases/ice-san-antonio-investigation-results-17-12-year-sentencing-south-texas-man-receipt,ICE San Antonio investigation results in the 17 ½ year sentencing of a South Texas man for receipt of child pornography,2025-07-18,2025-07-18,2025,2025-07,0,San Antonio,TX,United States,['Child Exploitation'],1,False,False,True,392,9,0,accepted,[]
52c14a9a7e75b9f96e1e,https://www.ice.gov/news/releases/ice-san-diego-arrests-4-convicted-child-sex-predators,ICE San Diego arrests 4 convicted child sex predators,2025-09-26,2025-09-26,2025,2025-09,0,San Diego,CA,United States,['Child Exploitation'],1,False,True,True,277,9,0,accepted,[]
d129529ea56154fb3506,https://www.ice.gov/news/releases/ice-san-diego-arrests-criminal-alien-after-collision-2-government-vehicles-injuring,"ICE San Diego arrests criminal alien after collision with 2 government vehicles, injuring federal officer",2025-08-14,2025-08-14,2025,2025-08,0,San Diego,CA,United States,['Enforcement and Removal'],1,False,True,True,341,8,0,accepted,[]
fe5a7b09a4e7a88140e2,https://www.ice.gov/news/releases/ice-san-diego-arrests-guatemalan-national-criminal-history,ICE San Diego arrests Guatemalan national with criminal history,2025-02-28,2025-06-13,2025,2025-02,105,San Diego,CA,United States,['Enforcement and Removal'],1,False,False,True,96,4,0,accepted,[]
e6d38b919a5928c1fd00,https://www.ice.gov/news/releases/ice-san-diego-arrests-illegal-mexican-national-charged-driving-under-influence,ICE San Diego arrests illegal Mexican national charged with driving under the influence,2025-02-19,2025-06-13,2025,2025-02,114,San Diego,CA,United States,['Enforcement and Removal'],1,False,True,True,116,4,0,accepted,[]
16bd6e7fb20a591df2c4,https://www.ice.gov/news/releases/ice-san-diego-arrests-illegal-mexican-national-convicted-dui-and-drug-possession,ICE San Diego arrests illegal Mexican national convicted of DUI and drug possession,2025-02-24,2025-06-13,2025,2025-02,109,San Diego,CA,United States,['Enforcement and Removal'],1,False,True,True,125,6,0,accepted,[]
b48d700917eff911f80a,https://www.ice.gov/news/releases/ice-san-diego-arrests-illegal-mexican-national-convicted-sex-offenses,ICE San Diego arrests illegal Mexican national convicted of sex offenses,2025-02-13,2025-06-13,2025,2025-02,120,San Diego,CA,United States,['Enforcement and Removal'],1,False,False,True,177,6,0,accepted,[]
913781703955fa1798e1,https://www.ice.gov/news/releases/ice-san-diego-arrests-mexican-national-criminal-history,ICE San Diego arrests Mexican national with criminal history,2025-03-11,2025-06-13,2025,2025-03,94,San Diego,CA,United States,['Enforcement and Removal'],1,False,True,True,82,4,0,accepted,[]
eaad0f66b501b5b2e885,https://www.ice.gov/news/releases/ice-san-diego-arrests-mexican-national-extensive-criminal-history-after-erroneous,ICE San Diego arrests Mexican national with extensive criminal history after erroneous release,2025-05-08,2025-08-15,2025,2025-05,99,San Diego,CA,United States,['Enforcement and Removal'],1,False,True,True,235,5,0,accepted,[]
0e5fcb57fd96dadd4e77,https://www.ice.gov/news/releases/ice-san-diego-arrests-mexican-national-multiple-dui-charges,ICE San Diego arrests Mexican national with multiple DUI charges,2025-02-28,2025-06-13,2025,2025-02,105,San Diego,CA,United States,['Enforcement and Removal'],1,False,False,True,132,5,0,accepted,[]
ec7a0d937f3414c27e2c,https://www.ice.gov/news/releases/ice-san-diego-arrests-previously-removed-mexican-national-criminal-history,ICE San Diego arrests previously removed Mexican national with criminal history,2025-05-19,2025-06-13,2025,2025-05,25,San Diego,CA,United States,['Enforcement and Removal'],1,False,True,True,165,4,0,accepted,[]
da3399d07e390a33e365,https://www.ice.gov/news/releases/ice-san-diego-arrests-unregistered-child-sex-offender-criminal-alien-home-daycare,ICE San Diego arrests unregistered child sex offender criminal alien at in-home daycare,2025-09-02,2025-09-02,2025,2025-09,0,San Diego,CA,United States,['Enforcement and Removal'],1,True,False,True,306,5,0,accepted,[]
22db72fadda5c0c740af,https://www.ice.gov/news/releases/ice-san-diego-arrests-violent-criminal-illegal-alien-convicted-attempted-murder-after,ICE San Diego arrests violent criminal illegal alien convicted of attempted murder after reentering the US over 7 times,2025-03-12,2025-06-13,2025,2025-03,93,San Diego,CA,United States,['Enforcement and Removal'],1,False,True,True,176,5,0,accepted,[]
6758ed2ab527af9a7a21,https://www.ice.gov/news/releases/ice-san-diego-case-results-indictment-alleged-members-major-guatemalan-drug,ICE San Diego case results in indictment of alleged members of major Guatemalan drug trafficking organization,2025-06-17,2025-06-17,2025,2025-06,0,San Diego,CA,United States,['Narcotics'],1,False,False,True,468,22,0,accepted,[]
c65c546ce6bbf0a7c7d6,https://www.ice.gov/news/releases/ice-san-diego-investigation-leads-arraignment-3-fugitives-transferred-mexico,ICE San Diego investigation leads to arraignment of 3 fugitives transferred from Mexico,2025-08-21,2025-08-22,2025,2025-08,1,San Diego,CA,United States,"['Narcotics', 'Human Smuggling/Trafficking', 'Financial Crimes']",3,False,False,True,167,5,0,accepted,[]
e7b8efc77b4273b37b87,https://www.ice.gov/news/releases/ice-san-diego-investigation-leads-guilty-plea-murders-washington-couple-unborn-child,"ICE San Diego investigation leads to guilty plea in murders of Washington couple, unborn child",2025-09-23,2025-09-23,2025,2025-09,0,San Diego,CA,United States,['Narcotics'],1,False,False,True,209,4,0,accepted,[]
56c422c0c2aa29210720,https://www.ice.gov/news/releases/ice-san-diego-multiagency-case-results-4-defendants-charged-after-warrant-served-el,"ICE San Diego, multiagency case results in 4 defendants charged after warrant served in El Cajon",2025-03-31,2025-03-31,2025,2025-03,0,San Diego,CA,United States,"['Human Smuggling/Trafficking', 'Worksite Enforcement']",2,False,False,True,255,6,0,accepted,[]
4af1d576c61345e97b29,https://www.ice.gov/news/releases/ice-san-diego-multiagency-case-results-guilty-conviction-would-be-sex-trafficker,"ICE San Diego, multiagency case results in guilty conviction for would-be sex trafficker attempting to entice, coerce child and adult into prostitution",2025-05-07,2025-05-07,2025,2025-05,0,San Diego,CA,United States,"['Human Trafficking', 'Child Exploitation']",2,False,True,True,864,16,0,accepted,[]
9d8366d35b52fabb61ca,https://www.ice.gov/news/releases/ice-san-francisco-federal-partners-target-transnational-criminal-organizations-major,"ICE San Francisco, federal partners target transnational criminal organizations in major enforcement action",2025-03-20,2025-08-18,2025,2025-03,151,San Francisco,CA,United States,['Enforcement and Removal'],1,False,True,True,192,5,0,accepted,[]
dca9fbd76ec89c1224d4,https://www.ice.gov/news/releases/ice-san-francisco-federal-partners-target-transnational-criminal-organizations,"ICE San Francisco, federal partners, target transnational criminal organizations in enforcement operation",2025-03-10,2025-07-09,2025,2025-03,121,San Francisco,CA,United States,"['Transnational Gangs', 'Enforcement and Removal']",2,False,True,True,260,6,0,accepted,[]
d67ff90d66056864f1eb,https://www.ice.gov/news/releases/ice-san-franciso-and-partners-take-transnational-criminal-streets-california,ICE San Franciso and partners take transnational criminal off the streets in California,2025-03-24,2025-07-09,2025,2025-03,107,San Francisco,CA,United States,['Enforcement and Removal'],1,False,True,True,351,7,0,accepted,[]
132743b3163f4ee82230,https://www.ice.gov/news/releases/ice-san-juan-arrests-5-illegal-aliens-vega-baja-construction-site,ICE San Juan arrests 5 illegal aliens at a Vega Baja construction site,2025-04-16,2025-09-09,2025,2025-04,146,San Juan,PR,United States,['Worksite Enforcement'],1,False,False,True,271,6,0,accepted,[]
77d97fe16fe09654ced0,https://www.ice.gov/news/releases/ice-san-juan-arrests-6-illegal-aliens-local-establishment-puerto-rico,ICE San Juan arrests 6 illegal aliens in local establishment in Puerto Rico,2025-05-27,2025-06-13,2025,2025-05,17,San Juan,PR,United States,['Worksite Enforcement'],1,False,False,True,239,6,0,accepted,[]
85439845b410fdb6c414,https://www.ice.gov/news/releases/ice-san-juan-investigation-leads-arrest-female-teacher-child-sex-trafficking-puerto,ICE San Juan investigation leads to arrest of female teacher for child sex trafficking in Puerto Rico,2025-07-21,2026-05-19,2025,2025-07,302,San Juan,PR,United States,"['Child Exploitation', 'Human Smuggling/Trafficking']",2,False,False,True,472,10,0,accepted,[]
3b9add6c4de59b9e9fd5,https://www.ice.gov/news/releases/ice-seattle-arrests-4-illegal-aliens-criminal-convictions-charges-sexual-assault,"ICE Seattle arrests 4 illegal aliens with criminal convictions, charges for sexual assault",2025-01-31,2025-06-13,2025,2025-01,133,Seattle,WA,United States,['Enforcement and Removal'],1,False,True,True,229,9,0,accepted,[]
b79a3156afa47358cf8c,https://www.ice.gov/news/releases/ice-seattle-arrests-aliens-who-pose-significant-public-threats-washington,ICE Seattle arrests aliens who pose significant public threats in Washington,2025-02-14,2025-06-13,2025,2025-02,119,Seattle,WA,United States,['Enforcement and Removal'],1,False,True,True,186,8,0,accepted,[]
94d2ee5915b1fc419429,https://www.ice.gov/news/releases/ice-seattle-arrests-criminal-aliens-dui-convictions,ICE Seattle arrests criminal aliens with DUI convictions,2025-02-25,2025-09-29,2025,2025-02,216,Seattle,WA,United States,['Enforcement and Removal'],1,False,True,True,214,9,0,accepted,[]
9d0be0b968ad09c4fbb3,https://www.ice.gov/news/releases/ice-seattle-arrests-fugitive-el-salvador-wanted-home-country-murder,ICE Seattle arrests fugitive from El Salvador wanted in home country for murder,2025-02-12,2025-06-13,2025,2025-02,121,Seattle,WA,United States,['Enforcement and Removal'],1,False,True,True,180,6,0,accepted,[]
b8598960c2aed37cc1de,https://www.ice.gov/news/releases/ice-seattle-captures-illegal-aliens-histories-unlawful-entries-us,ICE Seattle captures illegal aliens with histories of unlawful entries into the US,2025-02-07,2025-06-13,2025,2025-02,126,Seattle,WA,United States,['Enforcement and Removal'],1,False,True,True,223,9,0,accepted,[]
96dc85360746d824761d,https://www.ice.gov/news/releases/ice-secures-23-year-sentence-dangerous-repeat-sex-offender-who-sexually-extorted,ICE secures 23-year sentence for dangerous repeat sex offender who sexually extorted minors with vape pens,2026-02-13,2026-02-13,2026,2026-02,0,McAllen,TX,United States,['Child Exploitation'],1,False,False,True,146,3,0,accepted,[]
b101e85736e0285c0b0a,https://www.ice.gov/news/releases/ice-sets-record-straight-about-immigration-enforcement-action-new-jersey,ICE sets the record straight about immigration enforcement action in New Jersey,2026-03-03,2026-03-03,2026,2026-03,0,Trenton,NJ,United States,['Enforcement and Removal'],1,False,True,True,378,7,0,accepted,[]
2b25770022a0ce05efc9,https://www.ice.gov/news/releases/ice-slcpd-investigation-sends-woman-prison-25-years-producing-child-exploitation,"ICE, SLCPD investigation sends woman to prison for 25 years for producing child exploitation material involving toddler",2025-05-14,2026-05-19,2025,2025-05,370,St. Louis,MO,United States,['Child Exploitation'],1,False,False,True,531,8,0,accepted,[]
630a5740f4fa44a06427,https://www.ice.gov/news/releases/ice-special-response-team-arrests-criminal-illegal-alien-alleged-sex-offender-and,ICE Special Response Team arrests criminal illegal alien alleged sex offender and human smuggler in Minneapolis,2026-02-24,2026-02-24,2026,2026-02,0,Minneapolis,MN,United States,['Enforcement and Removal'],1,True,True,True,268,6,0,accepted,[]
676b84c341fb6fe99971,https://www.ice.gov/news/releases/ice-st-paul-assists-arresting-2-minnesota-men-funding-and-directing-kidnappings,"ICE St. Paul assists in arresting 2 Minnesota men for funding and directing kidnappings, bombings, and killings overseas",2025-09-09,2025-09-09,2025,2025-09,0,Minneapolis,MN,United States,['Human Rights Violators'],1,False,False,True,438,7,0,accepted,[]
c417523d674b535f3331,https://www.ice.gov/news/releases/ice-st-paul-removes-foreign-fugitive-wanted-el-salvador-child-rape,ICE St. Paul removes foreign fugitive wanted in El Salvador for child rape,2025-03-07,2025-06-13,2025,2025-03,98,St. Paul,MN,United States,['Enforcement and Removal'],1,False,True,True,154,5,0,accepted,[]
29008daac03c5c28ddb6,https://www.ice.gov/news/releases/ice-st-paul-targets-unauthorized-employment-arrests-illegal-aliens-rural-south-dakota,"ICE St. Paul targets unauthorized employment, arrests illegal aliens in rural South Dakota",2025-05-13,2025-06-13,2025,2025-05,31,Sioux Falls,SD,United States,['Worksite Enforcement'],1,False,False,True,331,6,0,accepted,[]
1ef29bd69e9338852772,https://www.ice.gov/news/releases/ice-stops-international-alien-smuggling-asylum-fraud-conspiracy,"ICE stops international alien smuggling, asylum fraud conspiracy",2025-09-08,2025-09-08,2025,2025-09,0,Tampa,FL,United States,"['Financial Crimes', 'Human Smuggling/Trafficking']",2,False,True,True,167,5,0,accepted,[]
aa10634d2012d369cf7b,https://www.ice.gov/news/releases/ice-strikes-major-blow-against-carteles-unidos-charges-filed-against-5-top-leaders,ICE strikes major blow against Carteles Unidos: Charges filed against 5 top leaders,2025-08-18,2025-08-18,2025,2025-08,0,Knoxville,TN,United States,['Transnational Gangs'],1,False,False,True,154,3,0,accepted,[]
785e5595a135cd7cb9ac,https://www.ice.gov/news/releases/ice-tampa-conducts-worksite-enforcement-rapidly-expanding-community-arrests-33,"ICE Tampa conducts worksite enforcement at rapidly expanding community, arrests 33 illegal aliens",2025-05-14,2025-06-13,2025,2025-05,30,Tampa,FL,United States,['Worksite Enforcement'],1,False,False,True,481,11,0,accepted,[]
d00640a2ffdf1c7052b7,https://www.ice.gov/news/releases/ice-tampa-pasco-county-sheriffs-office-captures-illegal-alien-after-manhunt,"ICE Tampa, Pasco County Sheriff’s Office captures illegal alien after manhunt",2025-02-24,2025-02-24,2025,2025-02,0,Tampa,FL,United States,['Child Exploitation'],1,False,False,True,284,6,0,accepted,[]
12a504467def77085573,https://www.ice.gov/news/releases/ice-thwarts-major-smuggling-event-texas-woman-sentenced-11-years-ordered-pay-over,"ICE thwarts major smuggling event; Texas woman sentenced to 11 years, ordered to pay over $955K",2026-02-13,2026-02-13,2026,2026-02,0,Del Rio,TX,United States,['Human Smuggling/Trafficking'],1,False,True,True,326,8,0,accepted,[]
3908420a864c4453f2e4,https://www.ice.gov/news/releases/ice-tucson-arrests-mexican-national-illegally-present-us-wanted-mexico-homicide,"ICE Tucson arrests Mexican national illegally present in the US, wanted in Mexico for homicide",2025-02-12,2025-06-13,2025,2025-02,121,Tucson,AZ,United States,['Enforcement and Removal'],1,False,False,True,194,6,0,accepted,[]
50e3cc245de207157f1f,https://www.ice.gov/news/releases/ice-tucson-multiagency-case-results-nigerian-national-pleading-guilty-international,"ICE Tucson, multiagency case results in Nigerian national pleading guilty to international fraud scheme targeting the elderly",2025-07-17,2025-07-17,2025,2025-07,0,Tucson,AZ,United States,['Financial Crimes'],1,False,False,True,965,10,0,accepted,[]
7393d6d808b4747b4d72,https://www.ice.gov/news/releases/ice-tyler-joint-investigation-leads-life-federal-prison-cherokee-county-man-convicted,ICE Tyler joint investigation leads to life in federal prison for Cherokee County man convicted for sex trafficking teens,2025-06-18,2025-06-18,2025,2025-06,0,Dallas,TX,United States,['Human Smuggling/Trafficking'],1,False,False,True,577,9,0,accepted,[]
e5f8cb898fcfc8b60b87,https://www.ice.gov/news/releases/ice-us-border-patrol-nab-venezuelan-illegal-alien-alleged-child-sexually-abusive,"ICE, US Border Patrol nab Venezuelan illegal alien with alleged child sexually abusive material",2025-02-19,2025-06-13,2025,2025-02,114,Detroit,MI,United States,['Child Exploitation'],1,False,False,True,203,9,0,accepted,[]
161d73468938c089b997,https://www.ice.gov/news/releases/ice-utah-search-warrant-results-19-arrested,ICE Utah search warrant results in 19 arrested,2025-05-15,2025-06-13,2025,2025-05,29,Salt Lake City,UT,United States,['Narcotics'],1,False,False,True,351,10,0,accepted,[]
596a9fc03ba2289e0495,https://www.ice.gov/news/releases/ice-visits-americas-heroes-walter-reed-national-military-medical-center,ICE visits America's heroes at Walter Reed National Military Medical Center,2015-04-20,2026-01-27,2015,2015-04,3935,Washington,DC,United States,['Operational'],1,False,True,False,679,12,0,accepted,[]
fbd5737967b5d8dba938,https://www.ice.gov/news/releases/ice-warns-fans-counterfeit-merchandise-ahead-fifa-world-cup,ICE warns fans of counterfeit merchandise ahead of FIFA World Cup,2026-04-08,2026-04-08,2026,2026-04,0,Washington,DC,United States,['Intellectual Property Rights and Commercial Fraud'],1,False,False,True,352,12,0,accepted,[]
1dbb122bb2ff029bafed,https://www.ice.gov/news/releases/ice-washington-dc-and-fbi-washington-dc-arrest-7-illegal-aliens-northern-virginia,"ICE Washington, D.C. and FBI Washington, D.C. arrest 7 illegal aliens in Northern Virginia operation",2025-02-12,2025-06-13,2025,2025-02,121,Annadale,VA,United States,['Enforcement and Removal'],1,False,True,True,319,12,0,accepted,[]
dbf983cd8073cdcf7372,https://www.ice.gov/news/releases/ice-washington-dc-and-law-enforcement-partners-arrest-3-illegal-aliens-northern,"ICE Washington, D.C., and law enforcement partners arrest 3 illegal aliens in Northern Virginia",2025-02-24,2025-06-13,2025,2025-02,109,Sterling,VA,United States,['Enforcement and Removal'],1,False,True,True,243,8,0,accepted,[]
08d06ac348c90d67fa34,https://www.ice.gov/news/releases/ice-washington-dc-arrests-bolivian-illegal-national-convicted-dwi-virginia,"ICE Washington, D.C. arrests Bolivian illegal national convicted of DWI in Virginia",2025-01-28,2025-06-13,2025,2025-01,136,Washington,DC,United States,['Enforcement and Removal'],1,False,True,True,412,9,0,accepted,[]
50566b6836216684440f,https://www.ice.gov/news/releases/ice-washington-dc-arrests-honduran-alien-after-prosecutor-drops-home-invasion,"ICE Washington, D.C. arrests Honduran alien after prosecutor drops home invasion, abduction charges",2025-05-05,2025-06-13,2025,2025-05,39,Fairfax,VA,United States,['Enforcement and Removal'],1,False,True,True,533,15,0,accepted,[]
cfee922b043056fbeacb,https://www.ice.gov/news/releases/ice-washington-dc-arrests-illegal-guatemalan-gang-member-extensive-criminal-history,"ICE Washington, D.C. arrests illegal Guatemalan gang member with extensive criminal history",2025-05-19,2025-06-13,2025,2025-05,25,Fairfax,VA,United States,['Enforcement and Removal'],1,True,True,True,448,11,0,accepted,[]
8cc29640facba5e8e605,https://www.ice.gov/news/releases/ice-washington-dc-arrests-illegal-haitian-national-charged-assault-firearms-crimes,"ICE Washington, D.C. arrests illegal Haitian national charged with assault, firearms crimes",2025-02-27,2025-06-13,2025,2025-02,106,Winchester,VA,United States,['Enforcement and Removal'],1,False,True,True,302,7,0,accepted,[]
79a3898d035e94b905a6,https://www.ice.gov/news/releases/ice-washington-dc-arrests-illegal-salvadoran-national-convicted-assault-virginia,"ICE Washington, D.C. arrests illegal Salvadoran national convicted of assault in Virginia",2025-03-12,2025-06-13,2025,2025-03,93,Alexandria,VA,United States,['Enforcement and Removal'],1,False,True,True,218,7,0,accepted,[]
be8be148191c6bfbbec8,https://www.ice.gov/news/releases/ice-washington-dc-arrests-illegal-salvadoran-national-who-sexually-assaulted-virginia,"ICE Washington, D.C. arrests illegal Salvadoran national who sexually assaulted Virginia resident",2025-02-03,2025-06-13,2025,2025-02,130,Fairfax County,VA,United States,['Enforcement and Removal'],1,False,True,True,287,9,0,accepted,[]
4ac19f3aa307a9d77ae7,https://www.ice.gov/news/releases/ice-washington-dc-arrests-salvadoran-alien-gang-member-northern-virginia,"ICE Washington, D.C., arrests Salvadoran alien gang member in Northern Virginia",2025-03-31,2025-06-13,2025,2025-03,74,Washington,DC,United States,['Enforcement and Removal'],1,False,True,True,295,9,0,accepted,[]
32e629af17c5fbd772a5,https://www.ice.gov/news/releases/ice-washington-dc-fbi-richmond-arrest-illegal-egyptian-national-during-enhanced,"ICE Washington, D.C., FBI Richmond arrest illegal Egyptian national during enhanced operation in Virginia",2025-02-21,2025-08-19,2025,2025-02,179,Abingdon,VA,United States,['Enforcement and Removal'],1,False,True,True,271,8,0,accepted,[]
6674cb941f2870a0d097,https://www.ice.gov/news/releases/ice-washington-dc-investigation-results-14-year-prison-sentence-jamaican-national,"ICE Washington, D.C. investigation results in 14-year prison sentence for Jamaican national drug trafficking case",2025-04-04,2025-06-13,2025,2025-04,70,Washington,DC,United States,['Narcotics'],1,False,False,True,316,8,0,accepted,[]
329239aa8377a5775b86,https://www.ice.gov/news/releases/ice-washington-dc-law-enforcement-partners-arrest-3-illegal-aliens-northern-virginia,"ICE Washington, D.C., law enforcement partners arrest 3 illegal aliens in Northern Virginia",2025-02-18,2025-06-13,2025,2025-02,115,Arlington,VA,United States,['Enforcement and Removal'],1,False,True,True,268,8,0,accepted,[]
f22483321278a901b77f,https://www.ice.gov/news/releases/ice-washington-dc-leads-international-takedown-blacksuit-ransomware-infrastructure,"ICE Washington, D.C. leads international takedown of BlackSuit ransomware infrastructure",2025-08-07,2025-08-08,2025,2025-08,1,Washington,DC,United States,['Cyber Crimes'],1,False,False,True,420,6,0,accepted,[]
0e3b45dab0e810fa849c,https://www.ice.gov/news/releases/ice-washington-dc-operation-results-prison-honduran-sex-offender-who-illegally,"ICE Washington, D.C. operation results in prison for Honduran sex offender who illegally reentered the United States",2025-02-11,2025-02-11,2025,2025-02,0,Alexandria,VA,United States,['Enforcement and Removal'],1,False,False,True,260,6,0,accepted,[]
271a075ba885eefaa823,https://www.ice.gov/news/releases/ice-will-participate-feleg-annual-principals-meeting-july-7-11-california,ICE will participate in FELEG Annual Principals Meeting July 7-11 in California,2025-07-03,2025-07-03,2025,2025-07,0,Washington,DC,United States,['Partnership and Engagement'],1,False,False,True,671,11,0,accepted,[]
e422ae361a212cd5cd86,https://www.ice.gov/news/releases/ice-worksite-enforcement-operation-results-arrest-3-illegal-aliens,ICE worksite enforcement operation results in the arrest of 3 illegal aliens,2025-02-24,2025-02-25,2025,2025-02,1,Philadelphia,PA,United States,"['Enforcement and Removal', 'Worksite Enforcement']",2,False,False,True,355,6,0,accepted,[]
ee0b63eafe30b092e771,https://www.ice.gov/news/releases/ice-worksite-enforcement-operation-results-multiple-arrests-louisiana,ICE worksite enforcement operation results in multiple arrests in Louisiana,2025-03-17,2025-03-17,2025,2025-03,0,New Orleans,LA,United States,['Worksite Enforcement'],1,False,True,True,271,5,0,accepted,[]
3676cabe6f63b8af54af,https://www.ice.gov/news/releases/ice-worksite-enforcement-operation-results-multiple-arrests-mississippi,ICE worksite enforcement operation results in multiple arrests in Mississippi,2025-03-03,2025-03-03,2025,2025-03,0,Jackson,MS,United States,['Worksite Enforcement'],1,False,False,True,288,4,0,accepted,[]
14081b18b376c91f2991,https://www.ice.gov/news/releases/ice-worksite-enforcement-operation-uncovers-widespread-identity-theft-affecting-more,ICE worksite enforcement operation uncovers widespread identity theft affecting more than 100 victims across the nation,2025-06-18,2025-06-18,2025,2025-06,0,Omaha,NE,United States,"['Document and Benefit Fraud', 'Worksite Enforcement']",2,False,True,True,487,13,0,accepted,[]
6baddc5587e8988bc1ff,https://www.ice.gov/news/releases/ice-yuma-case-results-mexican-national-charged-possession-child-pornography-while,ICE Yuma case results in Mexican national charged with possession of child pornography while attempting to enter the US,2025-05-07,2025-05-07,2025,2025-05,0,Yuma,AZ,United States,['Child Exploitation'],1,False,False,True,193,5,0,accepted,[]
127e0ccbbb15b6d2bc45,https://www.ice.gov/news/releases/ices-287g-partnership-oklahoma-highway-patrol-nets-120-illegal-alien-arrests-91,"ICE’s 287g partnership with Oklahoma Highway Patrol nets 120 illegal alien arrests, 91 driving with CDL licenses, in 3-day operation",2025-10-14,2025-10-14,2025,2025-10,0,Oklahoma City,OK,United States,['287g Immigration and Nationality Act'],1,False,False,True,644,50,1,accepted,[]
e260e00a2a7e5179e5d5,https://www.ice.gov/news/releases/illegal-alien-bulgaria-passes-away-north-lake-processing-center-natural-causes,"Illegal alien from Bulgaria passes away at North Lake Processing Center, natural causes suspected",2025-12-18,2025-12-19,2025,2025-12,1,Baldwin,MI,United States,['Detainee Death Notifications'],1,False,False,True,562,13,0,accepted,[]
05106369f36ef28171ea,https://www.ice.gov/news/releases/illegal-alien-charged-assault-federal-officer-destruction-government-property,"Illegal alien charged with assault on a federal officer, destruction of government property following ICE San Diego investigation",2025-08-20,2025-08-20,2025,2025-08,0,San Diego,CA,United States,['Enforcement and Removal'],1,False,False,True,147,3,0,accepted,[]
26d9fa190896d27006bc,https://www.ice.gov/news/releases/illegal-alien-china-and-convicted-child-sex-offender-ice-custody-passes-away,Illegal alien from China and convicted child sex offender in ICE custody passes away following suspected complications from heart surgery,2025-10-28,2025-10-28,2025,2025-10,0,San Antonio,TX,United States,['Detainee Death Notifications'],1,True,False,True,669,13,0,accepted,[]
1cd330d998ac16ec93e2,https://www.ice.gov/news/releases/illegal-alien-china-passes-away-regional-medical-center-near-san-diego,Illegal alien from China passes away at Regional Medical Center near San Diego,2025-10-03,2025-10-05,2025,2025-10,2,San Diego,CA,United States,['Detainee Death Notifications'],1,False,False,True,400,9,0,accepted,[]
085181385be94dec11b1,https://www.ice.gov/news/releases/illegal-alien-dies-victorville-medical-center-california-after-complications-alcohol,Illegal alien dies at Victorville Medical Center in California after complications from alcohol withdrawal syndrome,2025-11-03,2025-11-03,2025,2025-11,0,Los Angeles,CA,United States,['Detainee Death Notifications'],1,False,False,True,311,8,0,accepted,[]
affa984b85141cd5c0ce,https://www.ice.gov/news/releases/illegal-alien-eritrea-passes-away-moshannon-valley-processing-center,Illegal alien from Eritrea passes away at Moshannon Valley Processing Center,2025-12-18,2025-12-19,2025,2025-12,1,Philipsburg,PA,United States,['Detainee Death Notifications'],1,False,False,True,548,11,0,accepted,[]
2a42fa937b31779f2554,https://www.ice.gov/news/releases/illegal-alien-guatemala-ice-custody-dies-local-hospital-suspected-natural-causes,"Illegal alien from Guatemala in ICE custody dies at local hospital from suspected natural causes: liver, kidney failure",2025-12-05,2025-12-05,2025,2025-12,0,El Paso,TX,United States,['Detainee Death Notifications'],1,False,False,True,533,12,0,accepted,[]
28d7657069aff28cb113,https://www.ice.gov/news/releases/illegal-alien-ice-custody-passes-away-california-hospital,Illegal alien in ICE custody passes away at California hospital,2026-01-09,2026-01-09,2026,2026-01,0,Indio,CA,United States,['Detainee Death Notifications'],1,False,False,True,435,8,0,accepted,[]
abfeee83ef871e4bbb22,https://www.ice.gov/news/releases/illegal-alien-ice-custody-passes-away-houston-area-hospital-after-being-admitted,Illegal alien in ICE custody passes away at Houston-area hospital after being admitted for chronic heart-related health issues,2026-01-07,2026-01-07,2026,2026-01,0,Conroe,TX,United States,['Detainee Death Notifications'],1,False,False,True,352,7,0,accepted,[]
8f340be94cc1ed28502e,https://www.ice.gov/news/releases/illegal-alien-indicted-conspiracy-transport-other-aliens-and-possession-intent,"Illegal alien indicted for conspiracy to transport other aliens and possession with intent to distribute heroin, following ICE, joint law enforcement partner investigation",2025-03-05,2025-03-05,2025,2025-03,0,Phoenix,AZ,United States,['Human Smuggling/Trafficking'],1,False,False,True,463,9,0,accepted,[]
e0ecba380be8ccfd2e07,https://www.ice.gov/news/releases/illegal-alien-jordan-ice-custody-passes-away-miami-hospital,Illegal alien from Jordan in ICE custody passes away in Miami hospital,2025-10-15,2025-10-17,2025,2025-10,2,Miami,FL,United States,['Detainee Death Notifications'],1,False,False,True,750,12,0,accepted,[]
bef859a3ccbf1dd9bbc2,https://www.ice.gov/news/releases/illegal-alien-mexico-sentenced-27-months-federal-prison-following-us-immigration-and,"Illegal alien from Mexico sentenced to 27 months in federal prison, following US Immigration and Customs Enforcement investigation",2025-02-27,2025-02-27,2025,2025-02,0,Boise,ID,United States,['Enforcement and Removal'],1,False,False,True,209,5,0,accepted,[]
efa923712fa481494197,https://www.ice.gov/news/releases/illegal-alien-nicaragua-passes-away-hospital-natchez,Illegal alien from Nicaragua passes away at a hospital in Natchez,2025-12-18,2025-12-19,2025,2025-12,1,Natchez,MS,United States,['Detainee Death Notifications'],1,False,False,True,413,8,0,accepted,[]
8cb1e98ca88a029c5f3b,https://www.ice.gov/news/releases/illegal-alien-pleads-guilty-reentry-after-deportation,Illegal alien pleads guilty to reentry after deportation,2025-02-03,2025-06-13,2025,2025-02,130,Orlando,FL,United States,['Document and Benefit Fraud'],1,False,False,True,263,6,0,accepted,[]
579cc72113ffa28fbcdc,https://www.ice.gov/news/releases/illegal-alien-sends-2-ice-officers-hospital-after-attempt-dangerously-evade-arrest,Illegal alien sends 2 ICE officers to hospital after attempt to dangerously evade arrest,2026-04-07,2026-04-08,2026,2026-04,1,Baltimore,MD,United States,['Enforcement and Removal'],1,False,True,True,513,13,0,accepted,[]
57012e095effff20327b,https://www.ice.gov/news/releases/illegal-alien-sentenced-prohibited-person-possession-firearm-following-ice-local-law,"Illegal alien sentenced for prohibited person in possession of a firearm, following ICE, local law enforcement partner investigation",2025-05-14,2025-05-14,2025,2025-05,0,Lincoln,NE,United States,"['Firearms, Ammunition and Explosives']",1,False,False,True,467,9,0,accepted,[]
e012cee8b7be3aa71920,https://www.ice.gov/news/releases/illegal-alien-son-charged-allegedly-trafficking-more-75-firearms-bulk-ammo-following,"Illegal alien, son charged with allegedly trafficking more than 75 firearms, bulk ammo following investigation by ICE, ATF, and Oklahoma Highway Patrol",2025-11-17,2025-11-17,2025,2025-11,0,Tulsa,OK,United States,"['Firearms, Ammunition and Explosives']",1,False,False,True,413,8,0,accepted,[]
66be0477ed803342f069,https://www.ice.gov/news/releases/illegal-alien-who-threatened-ice-agents-life-arrested-connection-human-smuggling-ring,"Illegal alien who threatened ICE agent’s life arrested in connection with human smuggling ring, deaths of 7",2025-03-04,2025-06-13,2025,2025-03,101,Los Angeles,CA,United States,['Human Smuggling/Trafficking'],1,False,False,True,1088,23,0,accepted,[]
18258c44c19724720b3c,https://www.ice.gov/news/releases/illegal-alien-wife-who-scammed-elderly-others-out-more-3-million-sentenced-15-years,"Illegal alien, wife who scammed elderly, others out of more than $3 million sentenced to 15 years following investigation by ICE Houston",2025-06-25,2025-06-25,2025,2025-06,0,Houston,TX,United States,['Financial Crimes'],1,False,False,True,544,12,0,accepted,[]
2a9e7ac717f91500d5c1,https://www.ice.gov/news/releases/illegal-aliens-mexico-sentenced-illegal-reentry-us,Illegal aliens from Mexico sentenced for illegal reentry into the US,2025-04-07,2025-04-07,2025,2025-04,0,Tampa,FL,United States,['Enforcement and Removal'],1,False,False,True,325,6,0,accepted,[]
bbf5b1cbc444fd85070f,https://www.ice.gov/news/releases/illegal-reentrant-prior-murder-narcotics-convictions-sentenced-100-months-prison,"Illegal reentrant with prior murder, narcotics convictions sentenced to 100 months in prison following ICE New York investigation",2025-08-07,2025-08-07,2025,2025-08,0,New York,NY,United States,"['Narcotics', 'Enforcement and Removal']",2,False,False,True,192,3,0,accepted,[]
325ff8e0fdc189ad08b7,https://www.ice.gov/news/releases/immigration-related-identity-theft-investigation-leads-charges-against-18-individuals,Immigration-related identity theft investigation leads to charges against 18 individuals,2025-04-11,2025-04-11,2025,2025-04,0,Tampa,FL,United States,['Enforcement and Removal'],1,False,False,True,331,17,0,accepted,[]
d1ae52fab818ba3f2972,https://www.ice.gov/news/releases/indian-man-residing-california-sentenced-prison-scheme-smuggle-aliens-us-following,"Indian man residing in California sentenced to prison for scheme to smuggle aliens into the US, following ICE, USBP investigation",2025-03-18,2025-06-13,2025,2025-03,87,Seattle,WA,United States,['Human Smuggling/Trafficking'],1,False,False,True,672,11,0,accepted,[]
6aeb8149b94be7aa7398,https://www.ice.gov/news/releases/indiana-woman-sentenced-50-years-following-hsi-fort-wayne-investigation-child-sexual,"Indiana woman sentenced to 50 years following HSI Fort Wayne investigation into child sexual exploitation, distribution of child sexual abuse material",2026-05-07,2026-05-07,2026,2026-05,0,Fort Wayne,IN,United States,['Child Exploitation'],1,True,False,True,305,7,0,accepted,[]
be2d9a6ffd5bc2cf92ce,https://www.ice.gov/news/releases/intercept-task-force-nets-11-years-sentence-florida-man-traveling-meet-minor-sex,INTERCEPT Task Force nets 11+ years sentence for Florida man traveling to meet a minor for sex,2025-02-05,2025-06-13,2025,2025-02,128,Jacksonville,FL,United States,['Child Exploitation'],1,False,False,True,632,9,0,accepted,[]
f166860824ab5303dc8f,https://www.ice.gov/news/releases/international-law-enforcement-cooperation-leads-takedown-and-immigration-arrests,International law enforcement cooperation leads to takedown and immigration arrests of alien smugglers in US and Brazil,2025-03-28,2025-03-28,2025,2025-03,0,Worcester,MA,United States,['Human Smuggling/Trafficking'],1,False,True,True,630,10,0,accepted,[]
7984286bfd8c00ce77ea,https://www.ice.gov/news/releases/iranian-couple-pleads-guilty-after-june-clash-ice,Iranian couple pleads guilty after June clash with ICE,2025-09-02,2025-09-02,2025,2025-09,0,Phoenix,AZ,United States,['Enforcement and Removal'],1,False,False,True,128,4,0,accepted,[]
bd1d02f5064ac9abbd38,https://www.ice.gov/news/releases/iranian-national-and-wife-federally-indicted-after-wife-threatens-shoot-ice-officers,Iranian national and wife federally indicted after wife threatens to shoot ICE officers in Tempe as a result of an ICE Arizona investigation,2025-06-30,2025-06-30,2025,2025-06,0,Phoenix,AZ,United States,['Law Enforcement'],1,False,False,True,485,8,0,accepted,[]
5b0d5a0866063df110a0,https://www.ice.gov/news/releases/irish-national-charged-multistate-home-repair-fraud-scheme,Irish national charged in multistate home repair fraud scheme,2025-04-04,2025-04-04,2025,2025-04,0,Providence,RI,United States,['Financial Crimes'],1,False,False,True,852,18,0,accepted,[]
cf84d48c09cf3e0d2b61,https://www.ice.gov/news/releases/jacksonville-restauranter-pleads-guilty-harboring-illegal-aliens,Jacksonville restauranter pleads guilty to harboring illegal aliens,2025-03-04,2025-03-04,2025,2025-03,0,Jacksonville,FL,United States,"['Worksite Enforcement', 'Financial Crimes']",2,False,False,True,232,5,0,accepted,[]
13bf715835c479f52b02,https://www.ice.gov/news/releases/jeweler-sentenced-30-months-multimillion-dollar-international-trade-fraud-scheme,Jeweler sentenced to 30 months for multimillion-dollar international trade fraud scheme following a multi-agency investigation,2025-01-27,2025-06-13,2025,2025-01,137,Newark,NJ,United States,['Financial Crimes'],1,False,False,True,727,8,0,accepted,[]
31db6ad899210e993f21,https://www.ice.gov/news/releases/joint-ice-san-diego-cbp-case-sends-guatemalan-drug-trafficker-14-years-prison,"Joint ICE San Diego, CBP case sends Guatemalan drug trafficker to 14 years in prison",2025-05-28,2025-05-28,2025,2025-05,0,San Diego,CA,United States,['Narcotics'],1,False,False,True,669,12,0,accepted,[]
af206c471b1c25b7d290,https://www.ice.gov/news/releases/joint-operation-nabs-255-human-trafficking-sting-ice-lodges-30-detainers,Joint operation nabs 255 in human trafficking sting; ICE lodges 30 detainers,2025-05-20,2025-06-13,2025,2025-05,24,Winter Haven,FL,United States,"['Human Smuggling/Trafficking', 'Enforcement and Removal']",2,False,False,True,525,10,0,accepted,[]
4bfe4fe497a6b64d7a56,https://www.ice.gov/news/releases/kentucky-man-sentenced-decade-federal-prison-attempted-online-enticement,Kentucky man sentenced to decade in federal prison for attempted online enticement,2025-01-31,2025-06-13,2025,2025-01,133,Bowling Green,KY,United States,['Child Exploitation'],1,False,False,True,211,7,0,accepted,[]
8af1f6948aa743d36241,https://www.ice.gov/news/releases/know2protect-campaign-partners-nfl-ahead-super-bowl-lix-empower-fans-protect-children,Know2Protect Campaign partners with NFL ahead of Super Bowl LIX to empower fans to protect children from online sexual exploitation and abuse,2025-02-12,2026-05-19,2025,2025-02,461,Washington,DC,United States,"['Child Exploitation', 'Partnership and Engagement']",2,False,True,True,428,12,0,accepted,[]
614a66b1eb595a58b4c1,https://www.ice.gov/news/releases/know2protect-campaign-raises-awareness-daytona-500-empowering-fans-protect-children,"Know2Protect campaign raises awareness at Daytona 500, empowering fans to protect children from online exploitation",2025-02-16,2026-05-19,2025,2025-02,457,Daytona Beach,FL,United States,['Child Exploitation'],1,False,True,True,563,12,0,accepted,[]
f5a3f378c14a36ff663e,https://www.ice.gov/news/releases/know2protect-our-rescue-partner-american-school-tegucigalpa-educate-students-honduras,"Know2Protect, OUR Rescue partner with the American School of Tegucigalpa to educate students in Honduras about online child exploitation and abuse prevention",2025-03-11,2026-05-19,2025,2025-03,434,Washington,DC,United States,['Child Exploitation'],1,False,False,True,404,8,0,accepted,[]
e8f8ac270860f91adf4c,https://www.ice.gov/news/releases/known-surenos-gang-member-arrested-ice-kansas-city-after-repeated-illegal-entries,Known Sureños gang member arrested by ICE Kansas City after repeated illegal entries,2025-08-04,2025-08-04,2025,2025-08,0,Kansas City,MO,United States,['Enforcement and Removal'],1,False,True,True,330,8,0,accepted,[]
bde8de3ad9101b6f401b,https://www.ice.gov/news/releases/largest-joint-immigration-operation-florida-history-leads-1120-criminal-alien-arrests,"Largest joint immigration operation in Florida history leads to 1,120 criminal alien arrests during weeklong operation",2025-05-01,2025-06-13,2025,2025-05,43,Miami,FL,United States,['Enforcement and Removal'],1,True,False,True,1096,40,0,accepted,[]
01c6be66e0be1b1877d5,https://www.ice.gov/news/releases/leaders-colombian-drug-trafficking-organization-plead-guilty-conspiring-smuggle-43000,"Leaders of Colombian drug trafficking organization plead guilty to conspiring to smuggle 43,000+ kilograms of cocaine to US",2025-01-21,2025-06-13,2025,2025-01,143,Tampa,FL,United States,['Narcotics'],1,False,False,True,565,10,0,accepted,[]
f806984cde602f3d703c,https://www.ice.gov/news/releases/little-league-coach-sentenced-10-years-attempting-meet-13-year-old-child-engage,Little league coach sentenced to 10 years for attempting to meet a 13-year-old child to engage in sexual activity,2025-04-04,2025-04-07,2025,2025-04,3,Orlando,FL,United States,['Child Exploitation'],1,False,False,True,272,5,0,accepted,[]
3051258938b60d98f8e1,https://www.ice.gov/news/releases/long-beach-man-arrested-federal-criminal-complaint-charging-him-sending-dozen,Long Beach man arrested on federal criminal complaint charging him with sending a dozen payments to suspected ISIS terrorists,2025-08-04,2025-08-04,2025,2025-08,0,Los Angeles,CA,United States,['National Security'],1,False,False,True,225,6,0,accepted,[]
f06df3d0a71b1249ba67,https://www.ice.gov/news/releases/lorton-man-convicted-child-exploitation-gets-18-year-prison-sentence-following-ice,"Lorton man convicted of child exploitation gets 18-year prison sentence following ICE Washington, D.C. investigation",2025-04-22,2025-06-13,2025,2025-04,52,Washington,DC,United States,['Child Exploitation'],1,False,False,True,415,9,0,accepted,[]
2c5e21214f1d28f2fed1,https://www.ice.gov/news/releases/man-receives-12-year-sentence-attempting-engage-sexual-activity-minor,Man receives 12-year sentence for attempting to engage in sexual activity with minor,2025-04-11,2025-04-11,2025,2025-04,0,Orlando,FL,United States,['Child Exploitation'],1,False,False,True,268,5,0,accepted,[]
fb29a02431460a0b6cda,https://www.ice.gov/news/releases/meet-one-medias-non-criminals-ice-arrests-illegal-alien-wanted-murder-virginia,Meet one of the media’s ‘non-criminals’: ICE arrests illegal alien wanted for murder in Virginia,2026-04-07,2026-04-07,2026,2026-04,0,Reston,VA,United States,['Enforcement and Removal'],1,True,True,True,206,4,0,accepted,[]
d0e826c36ee2573d6946,https://www.ice.gov/news/releases/meet-one-medias-non-criminals-ice-washington-arrests-another-illegal-alien-fugitive,Meet one of the media’s ‘non-criminals’: ICE Washington arrests ANOTHER illegal alien fugitive wanted for murder,2026-04-23,2026-04-23,2026,2026-04,0,Woodbridge,VA,United States,['Enforcement and Removal'],1,True,True,True,276,7,0,accepted,[]
41b43c9093d4905fdb57,https://www.ice.gov/news/releases/mexican-citizen-sentenced-15-months-prison-following-ice-law-enforcement-partner,"Mexican citizen sentenced to 15 months in prison, following ICE, law enforcement partner investigation",2025-02-14,2025-06-13,2025,2025-02,119,Seattle,WA,United States,['Human Smuggling/Trafficking'],1,False,False,True,559,11,0,accepted,[]
c27e4f9d296eba521c11,https://www.ice.gov/news/releases/mexican-citizen-sentenced-27-years-prison-after-targeting-more-60-young-girls-online,"Mexican citizen sentenced to 27 years in prison after targeting more than 60 young girls in online sextortion scheme, following HSI St. Paul, joint partner investigation",2025-02-12,2025-02-12,2025,2025-02,0,St. Paul,MN,United States,['Child Exploitation'],1,False,False,True,403,7,0,accepted,[]
5ddc3e9ad2dcce2ef083,https://www.ice.gov/news/releases/mexican-couple-sentenced-manufacturing-selling-thousands-counterfeit-ids-nationwide,"Mexican couple sentenced for manufacturing, selling thousands of counterfeit IDs nationwide",2026-02-02,2026-02-02,2026,2026-02,0,Tulsa,OK,United States,['Document and Benefit Fraud'],1,False,False,True,395,9,0,accepted,[]
627a82f5253bb0018f45,https://www.ice.gov/news/releases/mexican-illegal-alien-sentenced-11-years-smuggling-3000-pounds-methamphetamine,"Mexican illegal alien sentenced to 11 years for smuggling 3,000 pounds of methamphetamine in truckload of cabbages following ICE Rio Grande Valley, federal partner investigation",2025-06-05,2025-06-05,2025,2025-06,0,McAllen,TX,United States,['Narcotics'],1,False,True,True,363,7,0,accepted,[]
7b1c7be66c9a9de5421c,https://www.ice.gov/news/releases/mexican-national-admits-intent-distribute-cocaine-following-ice-investigation,Mexican national admits intent to distribute cocaine following ICE investigation,2025-02-18,2025-02-18,2025,2025-02,0,Camden,NJ,United States,['Narcotics'],1,False,False,True,206,4,0,accepted,[]
7eabf78f82dcf0041748,https://www.ice.gov/news/releases/mexican-national-and-convicted-child-molester-sentenced-immigration-fraud,Mexican national and convicted child molester sentenced for immigration fraud,2025-05-15,2025-06-13,2025,2025-05,29,Raleigh,NC,United States,['Enforcement and Removal'],1,False,False,True,397,7,0,accepted,[]
2387360519f1aadf0d2c,https://www.ice.gov/news/releases/mexican-national-dies-ice-custody-after-being-referred-local-hospital-day-prior,Mexican national dies in ICE custody after being referred to local hospital day prior,2025-09-23,2025-09-24,2025,2025-09,1,Los Angeles,CA,United States,['Detainee Death Notifications'],1,True,False,True,496,10,0,accepted,[]
5b3d482e7c8efe74e034,https://www.ice.gov/news/releases/mexican-national-gets-110-month-prison-sentence-trafficking-cocaine-illegally,"Mexican national gets 110-month prison sentence for trafficking cocaine, illegally reentering the US following federal investigation",2025-06-17,2025-06-17,2025,2025-06,0,Newark,NJ,United States,['Narcotics'],1,False,True,True,309,6,0,accepted,[]
467fe1d88ee59662283d,https://www.ice.gov/news/releases/mexican-national-ice-custody-passes-away-central-arizona-correctional-complex,Mexican national in ICE custody passes away at Central Arizona Correctional Complex,2025-09-02,2025-09-04,2025,2025-09,2,Florence,AZ,United States,['Detainee Death Notifications'],1,False,False,True,432,10,0,accepted,[]
841d66dd91dd4228ee15,https://www.ice.gov/news/releases/mexican-national-ice-custody-passes-away,Mexican national in ICE custody passes away,2025-05-08,2025-05-09,2025,2025-05,1,Atlanta,GA,United States,['Detainee Death Notifications'],1,False,False,True,441,8,0,accepted,[]
93ef388f32dbf18fc2ce,https://www.ice.gov/news/releases/mexican-national-pleads-guilty-illegal-reentry-us-0,Mexican national pleads guilty to illegal reentry into the US,2025-02-27,2025-03-06,2025,2025-02,7,Tampa,FL,United States,['Enforcement and Removal'],1,False,False,True,178,4,0,accepted,[]
6cdb70c59dba751cc9f1,https://www.ice.gov/news/releases/mexican-national-pleads-guilty-illegal-reentry-us,Mexican national pleads guilty to illegal reentry into the US,2025-03-04,2025-03-06,2025,2025-03,2,Jacksonville,FL,United States,['Enforcement and Removal'],1,False,False,True,160,3,0,accepted,[]
2e8e75ec46a6bc7a16de,https://www.ice.gov/news/releases/mexican-national-sentenced-federal-prison-attempted-firearms-smuggling-following-ice,"Mexican national sentenced to federal prison for attempted firearms smuggling, following ICE Arizona investigation",2025-04-17,2025-04-17,2025,2025-04,0,Yuma,AZ,United States,"['Firearms, Ammunition and Explosives']",1,False,False,True,284,6,0,accepted,[]
7d3127e7cdaa85d5696c,https://www.ice.gov/news/releases/mexican-previously-removed-us-4-times-arrested-again-illegal-reentry,Mexican previously removed from US 4 times arrested again for illegal reentry,2025-03-04,2025-03-05,2025,2025-03,1,Orlando,FL,United States,['Enforcement and Removal'],1,False,False,True,171,3,0,accepted,[]
467e2cc934e5c2453a9f,https://www.ice.gov/news/releases/mexican-woman-charged-illegal-reentry-faces-2-years-prison,"Mexican woman charged with illegal reentry, faces 2 years in prison",2025-02-03,2025-02-04,2025,2025-02,1,Tampa,FL,United States,"['Enforcement and Removal', 'National Security']",2,False,False,True,148,4,0,accepted,[]
8448d47a47c0d6c446d1,https://www.ice.gov/news/releases/michigan-orthodontist-sentenced-60-years-exploiting-children-following-ice,Michigan orthodontist sentenced to 60 years for exploiting children following ICE investigation,2026-03-16,2026-03-16,2026,2026-03,0,Grand Rapids,MI,United States,['Child Exploitation'],1,False,False,True,367,8,0,accepted,[]
d6bdce36ff1ac10d26a3,https://www.ice.gov/news/releases/missouri-man-sentenced-50-years-recording-child-sexual-abuse-after-hsi-st-louis,Missouri man sentenced to 50 years for recording child sexual abuse after HSI St. Louis investigation,2026-05-19,2026-05-19,2026,2026-05,0,St. Louis,MO,United States,['Child Exploitation'],1,True,False,True,395,8,0,accepted,[]
441dbe2b48867331e579,https://www.ice.gov/news/releases/multiagency-investigation-leads-arrest-criminal-illegal-alien-wanted-homicide,Multiagency investigation leads to arrest of criminal illegal alien wanted for homicide,2025-06-30,2025-06-30,2025,2025-06,0,Nashville,TN,United States,['Law Enforcement'],1,False,False,True,164,4,0,accepted,[]
fb092e68521558074097,https://www.ice.gov/news/releases/multiagency-investigation-results-cartel-del-noreste-leader-sentencing-murder-hire,"Multiagency investigation results in Cartel Del Noreste leader sentencing for murder-for-hire, kidnapping conspiracies",2025-03-28,2025-03-28,2025,2025-03,0,Laredo,TX,United States,"['Narcotics', 'Transnational Gangs']",2,False,False,True,838,10,0,accepted,[]
0cc433e4f3ac22c7d1ca,https://www.ice.gov/news/releases/national-guard-soldier-deployed-south-texas-help-secure-border-convicted-smuggling,National Guard soldier deployed to South Texas to help secure border convicted of smuggling illegal aliens into US,2025-07-24,2025-07-24,2025,2025-07,0,Corpus Christi,TX,United States,['Human Smuggling/Trafficking'],1,False,False,True,461,9,0,accepted,[]
0fe74d8262ba3d7f31a6,https://www.ice.gov/news/releases/naval-reservist-charged-bribe-obtain-military-identification-cards-unauthorized,"Naval reservist charged for bribe to obtain military identification cards for unauthorized individuals, including a Chinese national",2025-03-11,2025-03-11,2025,2025-03,0,Jacksonville,FL,United States,['National Security'],1,False,False,True,244,5,0,accepted,[]
10150b77be8848c36804,https://www.ice.gov/news/releases/new-alliance-targets-fake-drugs-ipr-center-partners-rx-360-protect-patients-and,New alliance targets fake drugs: IPR Center partners with Rx-360 to protect patients and supply chains,2026-04-08,2026-04-08,2026,2026-04,0,Washington,DC,United States,"['Intellectual Property Rights and Commercial Fraud', 'Narcotics']",2,False,False,True,328,7,0,accepted,[]
74f2752cc1df4e9a4fad,https://www.ice.gov/news/releases/new-britain-man-admits-recording-his-sexual-abuse-child,New Britain man admits recording his sexual abuse of a child,2025-01-24,2025-06-13,2025,2025-01,140,New Haven,CT,United States,['Child Exploitation'],1,False,False,True,394,10,0,accepted,[]
2594635a64b93cb52bd8,https://www.ice.gov/news/releases/new-mexico-man-indicted-texas-drug-firearm-murder-charges-following-ice-el-paso,"New Mexico man indicted in Texas for drug, firearm, murder charges following ICE El Paso investigation",2025-06-04,2025-06-04,2025,2025-06,0,El Paso,TX,United States,['Narcotics'],1,False,False,True,304,6,0,accepted,[]
20ffb75557c1cf3254d7,https://www.ice.gov/news/releases/new-mexico-police-officer-pleads-guilty-federal-child-exploitation-charges-after-ice,New Mexico police officer pleads guilty to federal child exploitation charges after ICE El Paso investigation,2025-08-04,2025-08-04,2025,2025-08,0,Albuquerque,NM,United States,['Child Exploitation'],1,False,False,True,143,3,0,accepted,[]
0075062d2eb20dd6528b,https://www.ice.gov/news/releases/new-york-man-faces-new-charges-financial-fraud-following-hsi-buffalo-investigation,New York Man faces new charges for financial fraud following HSI Buffalo investigation,2025-01-21,2025-02-06,2025,2025-01,16,Rochester,NY,United States,['Financial Crimes'],1,False,False,True,383,6,0,accepted,[]
8e0d06aa4ed2158300e1,https://www.ice.gov/news/releases/new-york-man-sentenced-prison-1-million-covid-19-fraud-following-hsi-task-force,New York man sentenced to prison for $1 million COVID-19 fraud following HSI task force investigation,2026-05-07,2026-05-07,2026,2026-05,0,New York,NY,United States,"['Covid-19', 'Document and Benefit Fraud', 'Financial Crimes']",3,True,False,True,348,6,0,accepted,[]
cbee58c4722a7be0c2ba,https://www.ice.gov/news/releases/new-yorker-enters-guilty-plea-after-ice-investigation-uncovers-30m-investment-fraud,New Yorker enters guilty plea after ICE investigation uncovers $30M investment fraud scheme that sold foreign nationals access to prominent US politicians,2025-08-06,2025-08-06,2025,2025-08,0,New York,NY,United States,"['Financial Crimes', 'Intellectual Property Rights and Commercial Fraud']",2,False,False,True,1114,14,0,accepted,[]
74f4ef61b8a55a8d5f2f,https://www.ice.gov/news/releases/nigerian-man-sentenced-over-11-years-prison-fraudulently-obtaining-13-million-covid,Nigerian man sentenced to over 11 years in prison for fraudulently obtaining $1.3 million in COVID-19 jobless and disability benefits,2025-07-16,2025-07-16,2025,2025-07,0,Los Angeles,CA,United States,"['Covid-19', 'Document and Benefit Fraud']",2,False,False,True,345,7,0,accepted,[]
43a8361dbf343dd4a7a6,https://www.ice.gov/news/releases/nigerian-national-pleads-guilty-operating-3m-romance-scheme-preyed-elderly-other,"Nigerian national pleads guilty to operating $3M romance scheme that preyed on elderly, other vulnerable populations",2025-03-03,2025-03-03,2025,2025-03,0,Houston,TX,United States,"['Financial Crimes', 'Cyber Crimes']",2,False,False,True,400,12,0,accepted,[]
56119ff5c0ad6145885b,https://www.ice.gov/news/releases/ocala-man-sentenced-15-years-attempting-meet-minor-sexual-activity,Ocala man sentenced to 15 years for attempting to meet a minor for sexual activity,2025-02-03,2025-06-13,2025,2025-02,130,Ocala,FL,United States,['Child Exploitation'],1,False,False,True,417,7,0,accepted,[]
9ea7b72bdfb33ad56e55,https://www.ice.gov/news/releases/ohio-man-gets-multiple-life-sentences-murdering-3-victims-directing-others-dismember,"Ohio man gets multiple life sentences for murdering 3 victims, directing others to dismember & bury 2 of the bodies following ICE HSI criminal investigation",2025-07-03,2025-07-03,2025,2025-07,0,Columbus,OH,United States,['Narcotics'],1,False,False,True,664,13,0,accepted,[]
4cb314b7acd05d8c9a27,https://www.ice.gov/news/releases/omegapro-founder-promoter-charged-running-global-650-million-foreign-exchange-and,"OmegaPro founder, promoter charged for running global $650 million foreign exchange and crypto investment scam following ICE New York investigation",2025-07-14,2025-07-14,2025,2025-07,0,New York City,NY,United States,['Financial Crimes'],1,False,False,True,930,15,0,accepted,[]
8f5d45ac3f4e398404bb,https://www.ice.gov/news/releases/operation-angels-honor-14-day-nationwide-ice-operation-honor-laken-riley-results-more,"Operation Angel’s Honor: 14-day nationwide ICE operation in honor of Laken Riley, results in more than 1,000 criminal illegal alien arrests",2025-12-22,2025-12-22,2025,2025-12,0,Washington,DC,United States,['Enforcement and Removal'],1,True,True,True,1111,23,0,accepted,[]
84502cd6d00e0b863abf,https://www.ice.gov/news/releases/operation-buckeye-ice-arrests-worst-worst-ohio-convictions-including-felony-drug,"OPERATION BUCKEYE: ICE arrests the worst of the worst from Ohio, with convictions including felony drug possession, assault, DUIs and more",2025-12-20,2025-12-20,2025,2025-12,0,Columbus,OH,United States,['Enforcement and Removal'],1,True,True,True,490,15,0,accepted,[]
544c12b20e91eb0662cb,https://www.ice.gov/news/releases/operation-charlottes-web-ice-arrests-criminal-illegal-alien-who-killed-15-year-old,"Operation Charlotte’s Web: ICE arrests criminal illegal alien who killed a 15-year-old girl in a hit-and-run in Charlotte, North Carolina",2026-01-20,2026-01-20,2026,2026-01,0,Charlotte,NC,United States,['Enforcement and Removal'],1,True,True,True,636,17,0,accepted,[]
88cdfa582c87dd569135,https://www.ice.gov/news/releases/ovidio-guzman-lopez-son-el-chapo-and-head-sinaloa-cartel-pleads-guilty-federal-drug,Ovidio Guzman Lopez — son of El Chapo and head of Sinaloa Cartel — pleads guilty to federal drug charges in Chicago,2025-07-15,2025-07-15,2025,2025-07,0,Tucson,AZ,United States,['Narcotics'],1,False,False,True,993,14,0,accepted,[]
35efd1da98de3e686efa,https://www.ice.gov/news/releases/panama-express-strike-force-interdicts-nearly-510-million-illegal-narcotics-eastern,Panama Express Strike Force interdicts nearly $510 million in illegal narcotics in Eastern Pacific Ocean,2025-04-11,2025-08-26,2025,2025-04,137,Tampa,FL,United States,"['Narcotics', 'Partnership and Engagement', 'Organized Crime']",3,False,True,True,820,17,0,accepted,[]
939a212e04d1d859b1d4,https://www.ice.gov/news/releases/pennsylvania-man-gets-10-year-prison-sentence-online-enticement-minor-following-hsi,Pennsylvania man gets 10-year prison sentence for online enticement of minor following HSI Newark investigation,2025-01-30,2026-05-19,2025,2025-01,474,Philadelphia,PA,United States,['Child Exploitation'],1,False,False,True,363,7,0,accepted,[]
50c97bd241fbb0985530,https://www.ice.gov/news/releases/pennsylvania-man-sentenced-role-burglary-55-ups-warehouses-following-ice,Pennsylvania man sentenced for role in burglary of 55 UPS warehouses following ICE investigation,2025-02-18,2025-02-18,2025,2025-02,0,Camden,NJ,United States,['Financial Crimes'],1,False,False,True,428,6,0,accepted,[]
9e362e6e4960c462ecf8,https://www.ice.gov/news/releases/phoenix-man-sentenced-prison-alien-smuggling-resulting-death-following-ice-arizona,Phoenix man sentenced to prison for alien smuggling resulting in death following ICE Arizona investigation,2025-03-31,2025-03-31,2025,2025-03,0,Sells,AZ,United States,['Human Smuggling/Trafficking'],1,False,False,True,494,7,0,accepted,[]
68a326ea085d123c2e79,https://www.ice.gov/news/releases/previously-convicted-sex-offender-sentenced-federal-prison-child-pornography-charges,"Previously convicted sex offender sentenced to federal prison for child pornography charges, following ICE investigation",2025-04-03,2025-04-03,2025,2025-04,0,Yakima,WA,United States,['Child Exploitation'],1,False,False,True,293,7,0,accepted,[]
6843f00fc2a0e8aa6769,https://www.ice.gov/news/releases/previously-deported-honduran-arrested-illegal-reentry,Previously deported Honduran arrested for illegal reentry,2025-02-28,2025-02-28,2025,2025-02,0,Orlando,FL,United States,['Enforcement and Removal'],1,False,False,True,126,3,0,accepted,[]
4c180001f6f0df071eb0,https://www.ice.gov/news/releases/public-service-announcement-victim-identification-new-hampshire-gift-card-scheme,Public Service Announcement: Victim identification in New Hampshire gift card scheme,2025-03-12,2025-03-12,2025,2025-03,0,Concord,NH,United States,['Financial Crimes'],1,False,False,True,296,5,0,accepted,[]
f2002fc2d5a213438130,https://www.ice.gov/news/releases/puerto-rico-man-arrested-child-exploitation-after-ice-san-juan-investigation,Puerto Rico man arrested for child exploitation after ICE San Juan investigation,2025-07-21,2025-09-11,2025,2025-07,52,San Juan,PR,United States,['Child Exploitation'],1,False,False,True,413,11,0,accepted,[]
8f461e6614cdb7502033,https://www.ice.gov/news/releases/recidivist-child-predator-sex-offender-sentenced-more-22-years,"Recidivist child predator, sex offender sentenced to more than 22 years",2025-02-27,2025-02-27,2025,2025-02,0,Orlando,FL,United States,['Child Exploitation'],1,False,False,True,324,6,0,accepted,[]
d888a80f52948fb82127,https://www.ice.gov/news/releases/reckless-sanctuary-laws-result-needless-death-innocent-american,Reckless sanctuary laws result in needless death of innocent American,2025-08-14,2025-08-14,2025,2025-08,0,Chicago,IL,United States,['Law Enforcement'],1,True,True,True,340,8,0,accepted,[]
0c469f7fb8f683e48d86,https://www.ice.gov/news/releases/registered-sex-offender-indicted-transporting-possessing-child-sexual-abuse-material,"Registered sex offender indicted for transporting, possessing child sexual abuse material, AI-generated child sexual abuse material",2025-01-22,2025-06-13,2025,2025-01,142,Tampa,FL,United States,['Child Exploitation'],1,False,False,True,390,7,0,accepted,[]
d43cf5cddaa506c5898c,https://www.ice.gov/news/releases/repeat-child-predator-sentenced-25-years-possessing-distributing-child-sexual-abuse,"Repeat child predator sentenced to 25 years for possessing, distributing child sexual abuse materials following ICE investigation",2025-03-13,2025-06-13,2025,2025-03,92,Houston,TX,United States,['Child Exploitation'],1,False,False,True,380,7,0,accepted,[]
2a4a2c8e6f875eb09934,https://www.ice.gov/news/releases/repeat-drug-trafficker-heading-back-prison-another-15-years-following-ice-rio-grande,"Repeat drug trafficker is heading back to prison another 15 years following ICE Rio Grande Valley, federal partner investigation",2025-02-24,2025-02-24,2025,2025-02,0,McAllen,TX,United States,['Narcotics'],1,False,False,True,331,6,0,accepted,[]
7e42d3b04918b02bf6b7,https://www.ice.gov/news/releases/repeat-offender-gets-10-year-sentence-after-ice-hsi-newark-investigation,Repeat offender gets 10-year sentence after ICE HSI Newark investigation,2025-02-10,2025-02-10,2025,2025-02,0,Newark,NJ,United States,['Child Exploitation'],1,False,False,True,198,6,0,accepted,[]
3df6a11f63173fae67ac,https://www.ice.gov/news/releases/romanian-national-sentenced-defrauding-hundreds-banking-customers,Romanian national sentenced for defrauding hundreds of banking customers,2025-06-06,2025-06-06,2025,2025-06,0,Providence,RI,United States,['Financial Crimes'],1,False,True,True,262,6,0,accepted,[]
df3e9ce64b397b2748c3,https://www.ice.gov/news/releases/salvadoran-serial-criminal-convicted-unlawful-reentry-after-ice-boston-arrest,Salvadoran serial criminal convicted of unlawful reentry after ICE Boston arrest,2025-07-25,2025-07-25,2025,2025-07,0,Boston,MA,United States,['Enforcement and Removal'],1,True,True,True,322,9,0,accepted,[]
5859acaf47cf85741447,https://www.ice.gov/news/releases/san-antonio-man-sentenced-10-years-federal-prison-transporting-25-illegal-aliens,"San Antonio man sentenced to 10 years in federal prison for transporting 25 illegal aliens inside tanker trailer following ICE Eagle Pass, federal partner investigation",2025-07-03,2025-07-07,2025,2025-07,4,San Antonio,TX,United States,['Human Smuggling/Trafficking'],1,False,True,True,427,8,0,accepted,[]
c616e36aedb41db64000,https://www.ice.gov/news/releases/san-juan-charter-schoolteacher-arrested-child-exploitation,San Juan charter schoolteacher arrested for child exploitation,2025-04-17,2026-05-19,2025,2025-04,397,San Juan,PR,United States,['Child Exploitation'],1,False,False,True,312,8,0,accepted,[]
a5a3c7a4b9edc9dda16d,https://www.ice.gov/news/releases/sanctuary-calamity-dhs-and-ice-urgently-call-gavin-newsom-and-sanctuary-california,"SANCTUARY CALAMITY: DHS and ICE urgently call on Gavin Newsom and sanctuary California to not release 33,179 criminal illegal aliens including murderers, sex offenders, and drug traffickers from jails back into California communities",2026-02-06,2026-02-06,2026,2026-02,0,Washington,DC,United States,['Law Enforcement'],1,True,True,True,904,15,0,accepted,[]
7aaf4c535564a4a4459c,https://www.ice.gov/news/releases/sanctuary-jurisdictions-helped-cuban-illegal-alien-decades-long-rap-sheet-law,"Sanctuary jurisdictions helped Cuban illegal alien with decades-long rap sheet, law enforcement cooperation in Florida will ensure his crime spree in America is over",2026-04-21,2026-04-21,2026,2026-04,0,Miami,FL,United States,"['Enforcement and Removal', 'Narcotics']",2,False,True,True,200,5,0,accepted,[]
bf8ed87d8c805b83f37d,https://www.ice.gov/news/releases/scottish-man-sentenced-25-years-transporting-child-sexual-abuse-material-us,Scottish man sentenced to 25 years for transporting child sexual abuse material into US,2025-02-03,2025-06-13,2025,2025-02,130,Orlando,FL,United States,['Child Exploitation'],1,False,False,True,254,6,0,accepted,[]
a9501f7a34d56be222f8,https://www.ice.gov/news/releases/sinaloa-cartel-leaders-charged-narco-terrorism-material-support-terrorism-and-drug,"Sinaloa cartel leaders charged with narco-terrorism, material support of terrorism and drug trafficking in ICE, FBI investigation",2025-05-14,2025-05-14,2025,2025-05,0,San Diego,CA,United States,"['National Security', 'Narcotics', 'Transnational Gangs']",3,False,True,True,1217,28,1,accepted,[]
5d757204e5c0e7a82774,https://www.ice.gov/news/releases/social,Social Media,2020-05-20,2026-05-18,2020,2020-05,2189,,,,[],0,False,False,False,240,93,0,quarantined,"['body_fallback', 'canonical_url_mismatch', 'missing_topics', 'title_fallback', 'unexpected_entity_bundle:basic_page']"
960416676f14a1ff00a1,https://www.ice.gov/news/releases/south-texas-man-charged-assaulting-federal-officer-during-arrest-enforcement,South Texas man charged for assaulting federal officer during arrest enforcement operation,2025-09-17,2025-09-17,2025,2025-09,0,Brownsville,TX,United States,['Worksite Enforcement'],1,False,False,True,178,3,0,accepted,[]
fb03ebe6f7f3f29c0db6,https://www.ice.gov/news/releases/south-texas-man-pleads-guilty-smuggling-36-aliens-tractor-trailer-following,"South Texas man pleads guilty to smuggling 36 aliens in tractor trailer following investigation by ICE, US Border Patrol",2025-02-14,2025-06-13,2025,2025-02,119,Houston,TX,United States,['Human Smuggling/Trafficking'],1,False,False,True,382,9,0,accepted,[]
c022042e535994b1c4c9,https://www.ice.gov/news/releases/south-texas-stash-house-discovered-ice-rio-grande-valley-leads-arrest-16-illegal,South Texas stash house discovered by ICE Rio Grande Valley leads to the arrest of 16 illegal aliens,2025-06-03,2025-06-18,2025,2025-06,15,Harlingen,TX,United States,['Human Smuggling/Trafficking'],1,False,True,True,258,7,0,accepted,[]
f2385e5ac0bfe27416d4,https://www.ice.gov/news/releases/south-texas-woman-charged-threatening-shoot-federal-agent-following-investigation,"South Texas woman charged with threatening to shoot federal agent following an investigation conducted by ICE San Antonio, local partner",2025-06-18,2025-06-18,2025,2025-06,0,San Antonio,TX,United States,['Operational'],1,False,False,True,347,8,0,accepted,[]
1bfbe9cbef16020cea07,https://www.ice.gov/news/releases/southeast-texas-man-convicted-distributing-child-sexual-abuse-materials-following,Southeast Texas man convicted of distributing child sexual abuse materials following multi-national investigation,2025-04-30,2025-06-13,2025,2025-04,44,Corpus Christi,TX,United States,['Child Exploitation'],1,False,False,True,356,8,0,accepted,[]
c3d562e6246a94defad1,https://www.ice.gov/news/releases/southeast-texas-man-who-previously-worked-martial-arts-gymnastics-instructor-admits,"Southeast Texas man who previously worked as martial arts, gymnastics instructor admits to receiving, possessing child sexual abuse materials",2025-02-04,2025-06-13,2025,2025-02,129,Galveston,TX,United States,['Child Exploitation'],1,False,False,True,424,7,0,accepted,[]
159c22da59419621e273,https://www.ice.gov/news/releases/southern-california-man-facing-charges-after-towing-ice-vehicle-failed-attempt,Southern California man facing charges after towing ICE vehicle in failed attempt to obstruct immigration enforcement,2025-09-08,2025-09-15,2025,2025-09,7,Los Angeles,CA,United States,['Enforcement and Removal'],1,False,True,True,225,6,0,accepted,[]
700a69f1c06ad1b57963,https://www.ice.gov/news/releases/statement-acting-ice-director-todd-m-lyons-passage-one-big-beautiful-bill,Statement from acting ICE Director Todd M. Lyons on passage of One Big Beautiful Bill,2025-07-03,2025-07-03,2025,2025-07,0,Washington,DC,United States,['Statement'],1,False,False,True,90,1,0,accepted,[]
06731c8c56022596678b,https://www.ice.gov/news/releases/statement-acting-ice-director-todd-m-lyons-rep-pramila-jayapal-calling-ice-terrorist,Statement from acting ICE Director Todd M. Lyons on Rep. Pramila Jayapal calling ICE a ‘terrorist force’,2025-07-03,2025-07-03,2025,2025-07,0,Washington,DC,United States,['Statement'],1,False,False,True,163,4,0,accepted,[]
ddafc9a0179532169e87,https://www.ice.gov/news/releases/statement-ice-acting-director-todd-lyons-assaults-against-federal-law-enforcement,Statement from ICE Acting Director Todd Lyons on assaults against federal law enforcement officers in Los Angeles June 6,2025-06-07,2025-06-07,2025,2025-06,0,Washington,DC,United States,['Statement'],1,False,False,False,159,3,0,accepted,[]
2f927c645b3bd8531dab,https://www.ice.gov/news/releases/statement-ice-acting-director-todd-m-lyons-minnesota-gov-tim-walzs-anti-ice-comments,Statement by ICE Acting Director Todd M. Lyons on Minnesota Gov. Tim Walz’s anti-ICE comments,2025-05-20,2025-05-20,2025,2025-05,0,Washington,DC,United States,['Statement'],1,False,False,True,148,1,0,accepted,[]
e093a259fc8ed459a70e,https://www.ice.gov/news/releases/statement-ice-acting-director-todd-m-lyons-news-coverage-ice-spotting-app,Statement from ICE acting Director Todd M. Lyons on news coverage of ‘ICE spotting’ app,2025-06-30,2025-06-30,2025,2025-06,0,Washington,DC,United States,['Statement'],1,False,False,False,108,1,0,accepted,[]
f208fac6d3379aa7e8db,https://www.ice.gov/news/releases/statement-us-immigration-and-customs-enforcement,Statement by US Immigration and Customs Enforcement,2025-01-26,2025-01-27,2025,2025-01,1,Washington,DC,United States,['Statement'],1,False,False,False,53,1,0,accepted,[]
dcd1cee101ed385e9fc9,https://www.ice.gov/news/releases/suspected-tren-de-aragua-member-pleads-guilty-following-ice-federal-partner,"Suspected Tren de Aragua member pleads guilty following ICE, federal partner investigation",2025-10-15,2025-10-15,2025,2025-10,0,Albuquerque,NM,United States,['Transnational Gangs'],1,True,True,True,302,8,0,accepted,[]
c770cfe350509beda0f9,https://www.ice.gov/news/releases/tampa-based-companies-sign-image-program,Tampa-based companies sign with IMAGE program,2025-06-24,2025-06-25,2025,2025-06,1,Tampa,FL,United States,['Partnership and Engagement'],1,False,True,True,426,13,0,accepted,[]
85da55eaf238ed82e92e,https://www.ice.gov/news/releases/tampa-man-convicted-sex-trafficking-2-minors-production-child-sex-abuse-material,"Tampa man convicted of sex trafficking 2 minors, production of child sex abuse material",2025-01-27,2025-06-13,2025,2025-01,137,Tampa,FL,United States,['Child Exploitation'],1,False,False,True,277,6,0,accepted,[]
4acc3241d47051ddb783,https://www.ice.gov/news/releases/tango-blast-gang-members-sentenced-after-leading-law-enforcement-multiple-vehicle,"Tango Blast gang members sentenced after leading law enforcement on multiple vehicle pursuits during smuggling attempts following ICE Laredo, federal partners investigation",2025-05-19,2025-05-19,2025,2025-05,0,Laredo,TX,United States,['Transnational Gangs'],1,False,True,True,423,8,0,accepted,[]
29d33889735844991626,https://www.ice.gov/news/releases/texas-man-sentenced-role-border-tunnel-smuggling-conspiracy,Texas man sentenced for role in border tunnel smuggling conspiracy,2026-02-02,2026-02-02,2026,2026-02,0,El Paso,TX,United States,['Human Smuggling/Trafficking'],1,False,False,True,332,8,0,accepted,[]
285435510cc513e2b6a5,https://www.ice.gov/news/releases/texas-woman-sentenced-hostage-taking-extortion-smuggling-stash-house-case,"Texas woman sentenced for hostage-taking, extortion in smuggling stash house case investigated by ICE El Paso",2025-06-04,2025-06-04,2025,2025-06,0,Albuquerque,NM,United States,['Human Smuggling/Trafficking'],1,False,False,True,371,9,0,accepted,[]
0e762c1919836d280d1b,https://www.ice.gov/news/releases/treasury-targets-network-trafficking-cocaine-us-and-europe-following-ice-hsi-new-york,Treasury targets network trafficking cocaine to the US and Europe following ICE HSI New York investigation with law enforcement partners,2025-06-06,2025-06-06,2025,2025-06,0,Washington,DC,United States,['Narcotics'],1,True,True,True,453,11,0,accepted,[]
1386e4da1ed0bcb23308,https://www.ice.gov/news/releases/tucson-man-receives-6-year-prison-sentence-firearms-trafficking-offenses-following,"Tucson man receives 6-year prison sentence for firearms trafficking offenses following ICE Arizona, multiagency investigation",2025-04-23,2025-04-23,2025,2025-04,0,Tucson,AZ,United States,"['Firearms, Ammunition and Explosives']",1,False,False,True,279,5,0,accepted,[]
5f74430f544d4a986cdd,https://www.ice.gov/news/releases/tucson-sex-offender-indicted-naturalization-fraud-following-ice-arizona-investigation,Tucson sex offender indicted for naturalization fraud following ICE Arizona investigation,2025-04-03,2025-04-03,2025,2025-04,0,Tucson,AZ,United States,['Document and Benefit Fraud'],1,False,False,True,185,6,0,accepted,[]
e6edc0d7f93d3e3b917e,https://www.ice.gov/news/releases/twice-deported-child-predator-arrested-ice-after-violently-assaulting-officer-metal,Twice deported child predator arrested by ICE after violently assaulting officer with metal cup during attempt to flee,2025-11-06,2025-11-06,2025,2025-11,0,Houston,TX,United States,['Enforcement and Removal'],1,False,True,True,327,4,0,accepted,[]
c57934b2fa9ff14c958f,https://www.ice.gov/news/releases/ukrainian-national-ice-custody-passes-away-miami-area-hospital,Ukrainian national in ICE custody passes away at Miami-area hospital,2025-02-24,2025-02-24,2025,2025-02,0,Miami,FL,United States,['Detainee Death Notifications'],1,False,False,True,450,7,0,accepted,[]
72ef77e877a8ed4da726,https://www.ice.gov/news/releases/under-president-trumps-leadership-ice-has-arrested-members-some-worlds-most-dangerous,"Under President Trump’s leadership, ICE has arrested members of some of the world’s most dangerous criminal gangs in Sanctuary Minnesota",2026-01-14,2026-01-14,2026,2026-01,0,Washington,DC,United States,['Enforcement and Removal'],1,True,True,True,733,18,0,accepted,[]
4d484bd670de78766adf,https://www.ice.gov/news/releases/undeterred-government-shutdown-ice-continues-efforts-remove-criminal-illegal-aliens-0,"Undeterred by government shutdown, ICE continues efforts to remove criminal illegal aliens in Operation Midway Blitz",2025-10-30,2025-10-30,2025,2025-10,0,Chicago,IL,United States,['Enforcement and Removal'],1,True,True,True,329,8,0,accepted,[]
fa78109d109b3c26d86b,https://www.ice.gov/news/releases/us-army-specialist-puerto-rico-arrested-child-exploitation,US Army specialist from Puerto Rico arrested for child exploitation,2025-05-13,2026-05-18,2025,2025-05,370,Ponce,PR,United States,['Child Exploitation'],1,False,False,True,360,8,0,accepted,[]
89ac42b4932767d590ea,https://www.ice.gov/news/releases/us-attorney-files-petition-enforce-ice-hsis-administrative-subpoenas-oregon-counties,US Attorney files petition to enforce ICE-HSI’s administrative subpoenas to Oregon counties harboring felon aliens,2025-10-03,2025-10-03,2025,2025-10,0,Portland,OR,United States,['Enforcement and Removal'],1,True,False,True,860,15,0,accepted,[]
43035d3bfaa55d3f3c07,https://www.ice.gov/news/releases/us-files-civil-forfeiture-complaint-47-million-proceeds-iranian-oil-sale-following,US files civil forfeiture complaint for $47 million in proceeds from Iranian oil sale following ICE investigation,2025-04-01,2025-04-02,2025,2025-04,1,Washington,DC,United States,['National Security'],1,False,False,True,608,9,0,accepted,[]
26b6a7b56fdaafe54b8d,https://www.ice.gov/news/releases/us-immigration-and-customs-enforcement-announces-leadership-realignment-enforcement,US Immigration and Customs Enforcement announces leadership realignment as enforcement efforts continue to ramp up,2025-05-29,2025-05-29,2025,2025-05,0,Washington,DC,United States,['Statement'],1,False,False,True,395,14,0,accepted,[]
f3171a7c6ca04d4df794,https://www.ice.gov/news/releases/us-immigration-and-customs-enforcement-senior-special-agent-thomas-doolittle,"U.S. Immigration and Customs Enforcement Senior Special Agent Thomas Doolittle continues the charity his son, Joey, began",2015-02-26,2025-09-05,2015,2015-02,3844,Washington,DC,United States,['Operational'],1,False,True,False,1202,17,0,accepted,[]
ce2b340a4d4244751a81,https://www.ice.gov/news/releases/venezuelan-man-responsible-sex-trafficking-female-illegal-aliens-sentenced-10-years,Venezuelan man responsible for sex trafficking female illegal aliens sentenced to 10 years in prison,2025-09-18,2025-09-19,2025,2025-09,1,San Antonio,TX,United States,['Human Smuggling/Trafficking'],1,False,True,True,250,4,0,accepted,[]
5db399ca834bbb1c4c0c,https://www.ice.gov/news/releases/victim-active-shooter-attack-dallas-ice-field-office-identified,Victim of active shooter attack at Dallas ICE field office identified,2025-09-29,2025-09-29,2025,2025-09,0,Dallas,TX,United States,['Detainee Death Notifications'],1,False,False,True,389,9,0,accepted,[]
e963e76f33a886353f2d,https://www.ice.gov/news/releases/vietnamese-national-dies-ice-custody,Vietnamese national dies in ICE custody,2025-07-22,2025-07-22,2025,2025-07,0,San Antonio,TX,United States,['Detainee Death Notifications'],1,False,False,True,342,7,0,accepted,[]
398a290c3bde7cb73327,https://www.ice.gov/news/releases/vietnamese-national-ice-custody-dies-el-paso-long-term-acute-care-hospital,Vietnamese national in ICE custody dies in El Paso long-term acute care hospital,2025-04-18,2025-04-21,2025,2025-04,3,El Paso,TX,United States,['Detainee Death Notifications'],1,False,False,True,670,14,0,accepted,[]
1d7d8c6a5ed54774a365,https://www.ice.gov/news/releases/violent-criminal-illegal-alien-apprehended-ice-after-high-stakes-operation-chicago,Violent criminal illegal alien apprehended by ICE after high-stakes operation in Chicago,2025-11-07,2025-11-07,2025,2025-11,0,Chicago,IL,United States,['Enforcement and Removal'],1,True,True,True,414,9,0,accepted,[]
f90c714373bd05bc8213,https://www.ice.gov/news/releases/virginia-man-charged-conspiracy-smuggling-honduran-unaccompanied-alien-child,"Virginia man charged with conspiracy in smuggling of Honduran unaccompanied alien child following ICE Las Cruces, federal partner investigation",2025-05-20,2025-05-20,2025,2025-05,0,Albuquerque,NM,United States,['Human Smuggling/Trafficking'],1,False,True,False,310,7,0,accepted,[]
62c16cd9e4456cba9ee7,https://www.ice.gov/news/releases/washington-man-indicted-11-counts-sex-trafficking-children-production-child-sexual,"Washington man indicted on 11 counts of sex trafficking children, production of child sexual abuse material, and forced labor, following ICE, law enforcement partner investigation",2025-04-09,2026-05-18,2025,2025-04,404,Richland,WA,United States,"['Human Smuggling/Trafficking', 'Child Exploitation']",2,False,False,True,479,10,0,accepted,[]
db03c53831b0d10504a4,https://www.ice.gov/news/releases/washington-man-sentenced-20-years-following-hsi-investigation-commercial-pill-press,Washington man sentenced to 20 years following HSI investigation into commercial pill press operation,2026-03-15,2026-04-08,2026,2026-03,24,Washington,DC,United States,['Narcotics'],1,True,True,True,202,6,0,accepted,[]
3411025597dcc66ea67f,https://www.ice.gov/news/releases/woman-who-assaulted-federal-agents-arrested-charged-following-ice-washington-dc,"Woman who assaulted federal agents arrested, charged following ICE Washington, D.C. investigation",2025-07-28,2025-07-31,2025,2025-07,3,Washington,DC,United States,['Law Enforcement'],1,True,True,True,217,5,0,accepted,[]
fde334f20e4315a54463,https://www.ice.gov/news/releases/year-service-ices-best-best-demonstrate-selfless-service-sacrifice-duty-and-honor,"A year of service: ICE’s 'best of the best' demonstrate selfless service, sacrifice, duty and honor",2025-12-31,2025-12-31,2025,2025-12,0,Washington,DC,United States,['Employee Spotlight'],1,False,True,True,656,10,0,accepted,[]
2c8707bcb8c472e3a301,https://www.ice.gov/news/releases/yearslong-ice-investigation-results-stiff-charges-church-leaders-and-5-others,"Yearslong ICE investigation results in stiff charges for church leaders and 5 others for racketeering conspiracy, sex trafficking of minors and adults, and child exploitation enterprise",2025-09-10,2025-09-11,2025,2025-09,1,New York,NY,United States,"['Human Trafficking', 'Child Exploitation']",2,True,False,True,364,5,0,accepted,[]
